<?xml version="1.0"?>
<doc>
    <assembly>
        <name>Tc.Gny.Framework.ORM</name>
    </assembly>
    <members>
        <member name="T:Tc.Gny.Framework.ORM.Attrbuites.SqlNote">
            <summary>SQL注释2013/8/13周二 @乐章</summary>
        </member>
        <member name="M:Tc.Gny.Framework.ORM.Attrbuites.SqlNote.#ctor(System.String,System.String,System.String)">
            <summary>SQL注释</summary>
            <param name="caller">调用者如:吴乐章</param>
            <param name="note">对sql的备注如:查询订单列表</param>
            <param name="project">项目,非长线游项目使用</param>
        </member>
        <member name="P:Tc.Gny.Framework.ORM.Attrbuites.SqlNote.Caller">
            <summary>调用者如:吴乐章</summary>
        </member>
        <member name="P:Tc.Gny.Framework.ORM.Attrbuites.SqlNote.Note">
            <summary>对sql的备注如:查询订单列表</summary>
        </member>
        <member name="P:Tc.Gny.Framework.ORM.Attrbuites.SqlNote.Project">
            <summary>项目</summary>
        </member>
        <member name="T:Tc.Gny.Framework.ORM.Attrbuites.IdentityAttribute">
            <summary>
            标记属性对应的数据库字段是否为自增长
            </summary>
        </member>
        <member name="T:Tc.Gny.Framework.ORM.Attrbuites.PrimaryKeyAttribute">
            <summary>
            标记属性对应的数据库字段是否为主键
            </summary>
        </member>
        <member name="M:Tc.Gny.Framework.ORM.Attrbuites.PropertyInfoExtensions.IsPrimaryKey(System.Reflection.PropertyInfo)">
            <summary>
            判断属性是否为主键属性
            </summary>
            <returns><c>true</c> if is primary key the specified property; otherwise, <c>false</c>.</returns>
            <param name="property">Property.</param>
        </member>
        <member name="M:Tc.Gny.Framework.ORM.Attrbuites.PropertyInfoExtensions.IsAutoIncrease(System.Reflection.PropertyInfo)">
            <summary>
            判断属性是否为自增长属性
            </summary>
            <returns><c>true</c> if is auto increase the specified property; otherwise, <c>false</c>.</returns>
            <param name="property">Property.</param>
        </member>
        <member name="M:Tc.Gny.Framework.ORM.Attrbuites.PropertyInfoExtensions.GetDes(System.Reflection.PropertyInfo)">
            <summary>
            判断属性是否为自增长属性
            </summary>
            <returns><c>true</c> if is auto increase the specified property; otherwise, <c>false</c>.</returns>
            <param name="property">Property.</param>
        </member>
        <member name="M:Tc.Gny.Framework.ORM.Attrbuites.PropertyInfoExtensions.GetEntityAttribute(System.Type)">
            <summary>
            判断属性是否为自增长属性
            </summary>
            <returns><c>true</c> if is auto increase the specified property; otherwise, <c>false</c>.</returns>
            <param name="type"></param>
        </member>
        <member name="M:Tc.Gny.Framework.ORM.Attrbuites.PropertyInfoExtensions.IsColIgon(System.Reflection.PropertyInfo)">
            <summary>
            判断属性是否为自增长属性
            </summary>
            <returns><c>true</c> if is auto increase the specified property; otherwise, <c>false</c>.</returns>
            <param name="property">Property.</param>
        </member>
        <member name="M:Tc.Gny.Framework.ORM.Base.IEntity.Validate">
            <summary>
            业务逻辑验证
            </summary>
            <returns></returns>
        </member>
        <member name="M:Tc.Gny.Framework.ORM.Base.BaseEntity`1.GetQuerySql(System.String)">
            <summary>
                获取查询sql
            </summary>
            <returns></returns>
        </member>
        <member name="M:Tc.Gny.Framework.ORM.Base.BaseEntity`1.GetModelSql(System.Object)">
            <summary>
                获取单个实体SQl
            </summary>
            <param name="v"></param>
            <returns></returns>
        </member>
        <member name="M:Tc.Gny.Framework.ORM.Base.BaseEntity`1.GetInsertCmd(System.Boolean)">
            <summary>
                新增SQL
            </summary>
            <param name="allinsert"></param>
            <returns></returns>
        </member>
        <member name="M:Tc.Gny.Framework.ORM.Base.BaseEntity`1.GetUpdateCmd(Tc.Gny.Framework.ORM.Core.ScalarBuiler)">
            <summary>
                更新sql
            </summary>
            <param name="scalarBuiler"></param>
            <returns></returns>
        </member>
        <member name="M:Tc.Gny.Framework.ORM.Base.BaseEntity`1.GetDeleteCmd">
            <summary>
            
            </summary>
            <returns></returns>
        </member>
        <member name="M:Tc.Gny.Framework.ORM.Base.BaseEntity`1.GetDelSql">
            <summary>
                删除sql
            </summary>
            <returns></returns>
        </member>
        <member name="M:Tc.Gny.Framework.ORM.Base.BaseEntity`1.GetDelSql(System.Object)">
            <summary>
                删除sql
            </summary>
            <returns></returns>
        </member>
        <member name="M:Tc.Gny.Framework.ORM.Base.BaseEntity`1.Validate">
            <summary>
            业务逻辑验证
            </summary>
            <returns></returns>
        </member>
        <member name="T:Tc.Gny.Framework.ORM.Core.CurrentSessionFactory">
            <summary>
            session 工厂类
            </summary>
        </member>
        <member name="M:Tc.Gny.Framework.ORM.Core.DBSession.BeginTransaction">
            <summary>
            开始事务
            </summary>
        </member>
        <member name="M:Tc.Gny.Framework.ORM.Core.DBSession.Commit">
            <summary>
            提交
            </summary>
            <returns></returns>
        </member>
        <member name="M:Tc.Gny.Framework.ORM.Core.DBSession.ExecCmd(System.Data.IDbCommand)">
            <summary>
            执行command
            </summary>
            <param name="cmd"></param>
            <returns></returns>
        </member>
        <member name="M:Tc.Gny.Framework.ORM.Core.DBSession.Open">
            <summary>
            打开链接
            </summary>
        </member>
        <member name="M:Tc.Gny.Framework.ORM.Core.DBSession.AddCommands(System.Data.IDbCommand)">
            <summary>
            添加命令
            </summary>
            <param name="cmd"></param>
        </member>
        <member name="M:Tc.Gny.Framework.ORM.Core.DBSession.Dispose">
            <summary>
            释放
            </summary>
        </member>
        <member name="M:Tc.Gny.Framework.ORM.Core.OctDbCommand.PrepareCommand(System.Data.Common.DbCommand,System.String,System.Data.IDbDataParameter[])">
            <summary>
                创建command
            </summary>
            <param name="cmd"></param>
            <param name="cmdText"></param>
            <param name="cmdParms"></param>
            <returns></returns>
        </member>
        <member name="M:Tc.Gny.Framework.ORM.Dapper.IDataReaderExtensions.GetDeserializerState``1(System.Data.IDataReader)">
            <summary>
            获取 DeserializerState 对象
            </summary>
            <typeparam name="T"></typeparam>
            <param name="reader"></param>
            <returns></returns>
        </member>
        <member name="T:Tc.Gny.Framework.ORM.Dapper.CommandFlags">
            <summary>
                Additional state flags that control command behaviour
            </summary>
        </member>
        <member name="F:Tc.Gny.Framework.ORM.Dapper.CommandFlags.None">
            <summary>
                No additonal flags
            </summary>
        </member>
        <member name="F:Tc.Gny.Framework.ORM.Dapper.CommandFlags.Buffered">
            <summary>
                Should data be buffered before returning?
            </summary>
        </member>
        <member name="F:Tc.Gny.Framework.ORM.Dapper.CommandFlags.Pipelined">
            <summary>
                Can async queries be pipelined?
            </summary>
        </member>
        <member name="T:Tc.Gny.Framework.ORM.Dapper.CommandDefinition">
            <summary>
                Represents the key aspects of a sql operation
            </summary>
        </member>
        <member name="M:Tc.Gny.Framework.ORM.Dapper.CommandDefinition.#ctor(System.String,System.Object,System.Data.IDbTransaction,System.Nullable{System.Int32},System.Nullable{System.Data.CommandType},Tc.Gny.Framework.ORM.Dapper.CommandFlags)">
            <summary>
                Initialize the command definition
            </summary>
        </member>
        <member name="P:Tc.Gny.Framework.ORM.Dapper.CommandDefinition.CommandText">
            <summary>
                The command (sql or a stored-procedure name) to execute
            </summary>
        </member>
        <member name="P:Tc.Gny.Framework.ORM.Dapper.CommandDefinition.Parameters">
            <summary>
                The parameters associated with the command
            </summary>
        </member>
        <member name="P:Tc.Gny.Framework.ORM.Dapper.CommandDefinition.Transaction">
            <summary>
                The active transaction for the command
            </summary>
        </member>
        <member name="P:Tc.Gny.Framework.ORM.Dapper.CommandDefinition.CommandTimeout">
            <summary>
                The effective timeout for the command
            </summary>
        </member>
        <member name="P:Tc.Gny.Framework.ORM.Dapper.CommandDefinition.CommandType">
            <summary>
                The type of command that the command-text represents
            </summary>
        </member>
        <member name="P:Tc.Gny.Framework.ORM.Dapper.CommandDefinition.Buffered">
            <summary>
                Should data be buffered before returning?
            </summary>
        </member>
        <member name="P:Tc.Gny.Framework.ORM.Dapper.CommandDefinition.Flags">
            <summary>
                Additional state flags against this command
            </summary>
        </member>
        <member name="P:Tc.Gny.Framework.ORM.Dapper.CommandDefinition.Pipelined">
            <summary>
                Can async queries be pipelined?
            </summary>
        </member>
        <member name="T:Tc.Gny.Framework.ORM.Dapper.SqlMapper">
            <summary>
                Dapper, a light weight object mapper for ADO.NET
            </summary>
        </member>
        <member name="M:Tc.Gny.Framework.ORM.Dapper.SqlMapper.PurgeQueryCache">
            <summary>
                Purge the query cache
            </summary>
        </member>
        <member name="M:Tc.Gny.Framework.ORM.Dapper.SqlMapper.GetCachedSQLCount">
            <summary>
                Return a count of all the cached queries by dapper
            </summary>
            <returns></returns>
        </member>
        <member name="M:Tc.Gny.Framework.ORM.Dapper.SqlMapper.GetCachedSQL(System.Int32)">
            <summary>
                Return a list of all the queries cached by dapper
            </summary>
            <param name="ignoreHitCountAbove"></param>
            <returns></returns>
        </member>
        <member name="M:Tc.Gny.Framework.ORM.Dapper.SqlMapper.GetHashCollissions">
            <summary>
                Deep diagnostics only: find any hash collisions in the cache
            </summary>
            <returns></returns>
        </member>
        <member name="M:Tc.Gny.Framework.ORM.Dapper.SqlMapper.AddTypeMap(System.Type,System.Data.DbType)">
            <summary>
                Configire the specified type to be mapped to a given db-type
            </summary>
        </member>
        <member name="M:Tc.Gny.Framework.ORM.Dapper.SqlMapper.Execute(System.Data.IDbConnection,System.String,System.Object,System.Data.IDbTransaction,System.Nullable{System.Int32},System.Nullable{System.Data.CommandType})">
            <summary>
                Execute parameterized SQL
            </summary>
            <returns>Number of rows affected</returns>
        </member>
        <member name="M:Tc.Gny.Framework.ORM.Dapper.SqlMapper.Execute(System.Data.IDbConnection,Tc.Gny.Framework.ORM.Dapper.CommandDefinition)">
            <summary>
                Execute parameterized SQL
            </summary>
            <returns>Number of rows affected</returns>
        </member>
        <member name="M:Tc.Gny.Framework.ORM.Dapper.SqlMapper.ExecuteReader(System.Data.IDbConnection,System.String,System.Object,System.Data.IDbTransaction,System.Nullable{System.Int32},System.Nullable{System.Data.CommandType})">
            <summary>
                Execute parameterized SQL and return an <see cref="T:System.Data.IDataReader"/>
            </summary>
            <returns>An <see cref="T:System.Data.IDataReader"/> that can be used to iterate over the results of the SQL query.</returns>
            <remarks>
                This is typically used when the results of a query are not processed by Dapper, for example, used to fill a
                <see cref="T:System.Data.DataTable"/>
                or <see cref="T:System.Data.DataSet"/>.
            </remarks>
            <example>
                <code>
            <![CDATA[
            DataTable table = new DataTable("MyTable");
            using (var reader = ExecuteReader(cnn, sql, param))
            {
                table.Load(reader);
            }
            ]]>
            </code>
            </example>
        </member>
        <member name="M:Tc.Gny.Framework.ORM.Dapper.SqlMapper.ExecuteReader(System.Data.IDbConnection,Tc.Gny.Framework.ORM.Dapper.CommandDefinition)">
            <summary>
                Execute parameterized SQL and return an <see cref="T:System.Data.IDataReader"/>
            </summary>
            <returns>An <see cref="T:System.Data.IDataReader"/> that can be used to iterate over the results of the SQL query.</returns>
            <remarks>
                This is typically used when the results of a query are not processed by Dapper, for example, used to fill a
                <see cref="T:System.Data.DataTable"/>
                or <see cref="T:System.Data.DataSet"/>.
            </remarks>
        </member>
        <member name="M:Tc.Gny.Framework.ORM.Dapper.SqlMapper.Query(System.Data.IDbConnection,System.String,System.Object,System.Data.IDbTransaction,System.Boolean,System.Nullable{System.Int32},System.Nullable{System.Data.CommandType})">
            <summary>
                Return a list of dynamic objects, reader is closed after the call
            </summary>
        </member>
        <member name="M:Tc.Gny.Framework.ORM.Dapper.SqlMapper.Query``1(System.Data.IDbConnection,System.String,System.Object,System.Data.IDbTransaction,System.Boolean,System.Nullable{System.Int32},System.Nullable{System.Data.CommandType})">
            <summary>
                Executes a query, returning the data typed as per T
            </summary>
            <remarks>
                the dynamic param may seem a bit odd, but this works around a major usability issue in vs, if it is Object vs
                completion gets annoying. Eg type new [space] get new object
            </remarks>
            <returns>
                A sequence of data of the supplied type; if a basic type (int, string, etc) is queried then the data from the first
                column in assumed, otherwise an instance is
                created per row, and a direct column-name===member-name mapping is assumed (case insensitive).
            </returns>
        </member>
        <member name="M:Tc.Gny.Framework.ORM.Dapper.SqlMapper.Query``1(System.Data.IDbConnection,Tc.Gny.Framework.ORM.Dapper.CommandDefinition)">
            <summary>
                Executes a query, returning the data typed as per T
            </summary>
            <remarks>
                the dynamic param may seem a bit odd, but this works around a major usability issue in vs, if it is Object vs
                completion gets annoying. Eg type new [space] get new object
            </remarks>
            <returns>
                A sequence of data of the supplied type; if a basic type (int, string, etc) is queried then the data from the first
                column in assumed, otherwise an instance is
                created per row, and a direct column-name===member-name mapping is assumed (case insensitive).
            </returns>
        </member>
        <member name="M:Tc.Gny.Framework.ORM.Dapper.SqlMapper.QueryMultiple(System.Data.IDbConnection,System.String,System.Object,System.Data.IDbTransaction,System.Nullable{System.Int32},System.Nullable{System.Data.CommandType})">
            <summary>
                Execute a command that returns multiple result sets, and access each in turn
            </summary>
        </member>
        <member name="M:Tc.Gny.Framework.ORM.Dapper.SqlMapper.QueryMultiple(System.Data.IDbConnection,Tc.Gny.Framework.ORM.Dapper.CommandDefinition)">
            <summary>
                Execute a command that returns multiple result sets, and access each in turn
            </summary>
        </member>
        <member name="M:Tc.Gny.Framework.ORM.Dapper.SqlMapper.Query``3(System.Data.IDbConnection,System.String,System.Func{``0,``1,``2},System.Object,System.Data.IDbTransaction,System.Boolean,System.String,System.Nullable{System.Int32},System.Nullable{System.Data.CommandType})">
            <summary>
                Maps a query to objects
            </summary>
            <typeparam name="TFirst">The first type in the recordset</typeparam>
            <typeparam name="TSecond">The second type in the recordset</typeparam>
            <typeparam name="TReturn">The return type</typeparam>
            <param name="cnn"></param>
            <param name="sql"></param>
            <param name="map"></param>
            <param name="param"></param>
            <param name="transaction"></param>
            <param name="buffered"></param>
            <param name="splitOn">The Field we should split and read the second object from (default: id)</param>
            <param name="commandTimeout">Number of seconds before command execution timeout</param>
            <param name="commandType">Is it a stored proc or a batch?</param>
            <returns></returns>
        </member>
        <member name="M:Tc.Gny.Framework.ORM.Dapper.SqlMapper.Query``4(System.Data.IDbConnection,System.String,System.Func{``0,``1,``2,``3},System.Object,System.Data.IDbTransaction,System.Boolean,System.String,System.Nullable{System.Int32},System.Nullable{System.Data.CommandType})">
            <summary>
                Maps a query to objects
            </summary>
            <typeparam name="TFirst"></typeparam>
            <typeparam name="TSecond"></typeparam>
            <typeparam name="TThird"></typeparam>
            <typeparam name="TReturn"></typeparam>
            <param name="cnn"></param>
            <param name="sql"></param>
            <param name="map"></param>
            <param name="param"></param>
            <param name="transaction"></param>
            <param name="buffered"></param>
            <param name="splitOn">The Field we should split and read the second object from (default: id)</param>
            <param name="commandTimeout">Number of seconds before command execution timeout</param>
            <param name="commandType"></param>
            <returns></returns>
        </member>
        <member name="M:Tc.Gny.Framework.ORM.Dapper.SqlMapper.Query``5(System.Data.IDbConnection,System.String,System.Func{``0,``1,``2,``3,``4},System.Object,System.Data.IDbTransaction,System.Boolean,System.String,System.Nullable{System.Int32},System.Nullable{System.Data.CommandType})">
            <summary>
                Perform a multi mapping query with 4 input parameters
            </summary>
            <typeparam name="TFirst"></typeparam>
            <typeparam name="TSecond"></typeparam>
            <typeparam name="TThird"></typeparam>
            <typeparam name="TFourth"></typeparam>
            <typeparam name="TReturn"></typeparam>
            <param name="cnn"></param>
            <param name="sql"></param>
            <param name="map"></param>
            <param name="param"></param>
            <param name="transaction"></param>
            <param name="buffered"></param>
            <param name="splitOn"></param>
            <param name="commandTimeout"></param>
            <param name="commandType"></param>
            <returns></returns>
        </member>
        <member name="M:Tc.Gny.Framework.ORM.Dapper.SqlMapper.Query``6(System.Data.IDbConnection,System.String,System.Func{``0,``1,``2,``3,``4,``5},System.Object,System.Data.IDbTransaction,System.Boolean,System.String,System.Nullable{System.Int32},System.Nullable{System.Data.CommandType})">
            <summary>
                Perform a multi mapping query with 5 input parameters
            </summary>
            <typeparam name="TFirst"></typeparam>
            <typeparam name="TSecond"></typeparam>
            <typeparam name="TThird"></typeparam>
            <typeparam name="TFourth"></typeparam>
            <typeparam name="TFifth"></typeparam>
            <typeparam name="TReturn"></typeparam>
            <param name="cnn"></param>
            <param name="sql"></param>
            <param name="map"></param>
            <param name="param"></param>
            <param name="transaction"></param>
            <param name="buffered"></param>
            <param name="splitOn"></param>
            <param name="commandTimeout"></param>
            <param name="commandType"></param>
            <returns></returns>
        </member>
        <member name="M:Tc.Gny.Framework.ORM.Dapper.SqlMapper.Query``7(System.Data.IDbConnection,System.String,System.Func{``0,``1,``2,``3,``4,``5,``6},System.Object,System.Data.IDbTransaction,System.Boolean,System.String,System.Nullable{System.Int32},System.Nullable{System.Data.CommandType})">
            <summary>
                Perform a multi mapping query with 6 input parameters
            </summary>
            <typeparam name="TFirst"></typeparam>
            <typeparam name="TSecond"></typeparam>
            <typeparam name="TThird"></typeparam>
            <typeparam name="TFourth"></typeparam>
            <typeparam name="TFifth"></typeparam>
            <typeparam name="TSixth"></typeparam>
            <typeparam name="TReturn"></typeparam>
            <param name="cnn"></param>
            <param name="sql"></param>
            <param name="map"></param>
            <param name="param"></param>
            <param name="transaction"></param>
            <param name="buffered"></param>
            <param name="splitOn"></param>
            <param name="commandTimeout"></param>
            <param name="commandType"></param>
            <returns></returns>
        </member>
        <member name="M:Tc.Gny.Framework.ORM.Dapper.SqlMapper.Query``8(System.Data.IDbConnection,System.String,System.Func{``0,``1,``2,``3,``4,``5,``6,``7},System.Object,System.Data.IDbTransaction,System.Boolean,System.String,System.Nullable{System.Int32},System.Nullable{System.Data.CommandType})">
            <summary>
                Perform a multi mapping query with 7 input parameters
            </summary>
            <typeparam name="TFirst"></typeparam>
            <typeparam name="TSecond"></typeparam>
            <typeparam name="TThird"></typeparam>
            <typeparam name="TFourth"></typeparam>
            <typeparam name="TFifth"></typeparam>
            <typeparam name="TSixth"></typeparam>
            <typeparam name="TSeventh"></typeparam>
            <typeparam name="TReturn"></typeparam>
            <param name="cnn"></param>
            <param name="sql"></param>
            <param name="map"></param>
            <param name="param"></param>
            <param name="transaction"></param>
            <param name="buffered"></param>
            <param name="splitOn"></param>
            <param name="commandTimeout"></param>
            <param name="commandType"></param>
            <returns></returns>
        </member>
        <member name="M:Tc.Gny.Framework.ORM.Dapper.SqlMapper.ReadChar(System.Object)">
            <summary>
                Internal use only
            </summary>
            <param name="value"></param>
            <returns></returns>
        </member>
        <member name="M:Tc.Gny.Framework.ORM.Dapper.SqlMapper.ReadNullableChar(System.Object)">
            <summary>
                Internal use only
            </summary>
        </member>
        <member name="M:Tc.Gny.Framework.ORM.Dapper.SqlMapper.FindOrAddParameter(System.Data.IDataParameterCollection,System.Data.IDbCommand,System.String)">
            <summary>
                Internal use only
            </summary>
        </member>
        <member name="M:Tc.Gny.Framework.ORM.Dapper.SqlMapper.PackListParameters(System.Data.IDbCommand,System.String,System.Object)">
            <summary>
                Internal use only
            </summary>
        </member>
        <member name="M:Tc.Gny.Framework.ORM.Dapper.SqlMapper.ReplaceLiterals(Tc.Gny.Framework.ORM.Dapper.SqlMapper.IParameterLookup,System.Data.IDbCommand)">
            <summary>
                Replace all literal tokens with their text form
            </summary>
        </member>
        <member name="M:Tc.Gny.Framework.ORM.Dapper.SqlMapper.Format(System.Object)">
            <summary>
                Convert numeric values to their string form for SQL literal purposes
            </summary>
        </member>
        <member name="M:Tc.Gny.Framework.ORM.Dapper.SqlMapper.CreateParamInfoGenerator(Tc.Gny.Framework.ORM.Dapper.SqlMapper.Identity,System.Boolean,System.Boolean)">
            <summary>
                Internal use only
            </summary>
        </member>
        <member name="M:Tc.Gny.Framework.ORM.Dapper.SqlMapper.GetTypeMap(System.Type)">
            <summary>
                Gets type-map for the given type
            </summary>
            <returns>Type map implementation, DefaultTypeMap instance if no override present</returns>
        </member>
        <member name="M:Tc.Gny.Framework.ORM.Dapper.SqlMapper.SetTypeMap(System.Type,Tc.Gny.Framework.ORM.Dapper.SqlMapper.ITypeMap)">
            <summary>
                Set custom mapping for type deserializers
            </summary>
            <param name="type">Entity type to override</param>
            <param name="map">Mapping rules impementation, null to remove custom map</param>
        </member>
        <member name="M:Tc.Gny.Framework.ORM.Dapper.SqlMapper.GetTypeDeserializer(System.Type,System.Data.IDataReader,System.Int32,System.Int32,System.Boolean)">
            <summary>
                Internal use only
            </summary>
            <param name="type"></param>
            <param name="reader"></param>
            <param name="startBound"></param>
            <param name="length"></param>
            <param name="returnNullIfFirstMissing"></param>
            <returns></returns>
        </member>
        <member name="M:Tc.Gny.Framework.ORM.Dapper.SqlMapper.ThrowDataException(System.Exception,System.Int32,System.Data.IDataReader)">
            <summary>
                Throws a data exception, only used internally
            </summary>
            <param name="ex"></param>
            <param name="index"></param>
            <param name="reader"></param>
        </member>
        <member name="E:Tc.Gny.Framework.ORM.Dapper.SqlMapper.QueryCachePurged">
            <summary>
                Called if the query cache is purged via PurgeQueryCache
            </summary>
        </member>
        <member name="P:Tc.Gny.Framework.ORM.Dapper.SqlMapper.ConnectionStringComparer">
            <summary>
                How should connection strings be compared for equivalence? Defaults to StringComparer.Ordinal.
                Providing a custom implementation can be useful for allowing multi-tenancy databases with identical
                schema to share startegies. Note that usual equivalence rules apply: any equivalent connection strings
                <b>MUST</b> yield the same hash-code.
            </summary>
        </member>
        <member name="T:Tc.Gny.Framework.ORM.Dapper.SqlMapper.IDynamicParameters">
            <summary>
                Implement this interface to pass an arbitrary db specific set of parameters to Dapper
            </summary>
        </member>
        <member name="M:Tc.Gny.Framework.ORM.Dapper.SqlMapper.IDynamicParameters.AddParameters(System.Data.IDbCommand,Tc.Gny.Framework.ORM.Dapper.SqlMapper.Identity)">
            <summary>
                Add all the parameters needed to the command just before it executes
            </summary>
            <param name="command">The raw command prior to execution</param>
            <param name="identity">Information about the query</param>
        </member>
        <member name="T:Tc.Gny.Framework.ORM.Dapper.SqlMapper.IParameterLookup">
            <summary>
                Extends IDynamicParameters providing by-name lookup of parameter values
            </summary>
        </member>
        <member name="P:Tc.Gny.Framework.ORM.Dapper.SqlMapper.IParameterLookup.Item(System.String)">
            <summary>
                Get the value of the specified parameter (return null if not found)
            </summary>
        </member>
        <member name="T:Tc.Gny.Framework.ORM.Dapper.SqlMapper.ICustomQueryParameter">
            <summary>
                Implement this interface to pass an arbitrary db specific parameter to Dapper
            </summary>
        </member>
        <member name="M:Tc.Gny.Framework.ORM.Dapper.SqlMapper.ICustomQueryParameter.AddParameter(System.Data.IDbCommand,System.String)">
            <summary>
                Add the parameter needed to the command before it executes
            </summary>
            <param name="command">The raw command prior to execution</param>
            <param name="name">Parameter name</param>
        </member>
        <member name="T:Tc.Gny.Framework.ORM.Dapper.SqlMapper.ITypeMap">
            <summary>
                Implement this interface to change default mapping of reader columns to type memebers
            </summary>
        </member>
        <member name="M:Tc.Gny.Framework.ORM.Dapper.SqlMapper.ITypeMap.FindConstructor(System.String[],System.Type[])">
            <summary>
                Finds best constructor
            </summary>
            <param name="names">DataReader column names</param>
            <param name="types">DataReader column types</param>
            <returns>Matching constructor or default one</returns>
        </member>
        <member name="M:Tc.Gny.Framework.ORM.Dapper.SqlMapper.ITypeMap.GetConstructorParameter(System.Reflection.ConstructorInfo,System.String)">
            <summary>
                Gets mapping for constructor parameter
            </summary>
            <param name="constructor">Constructor to resolve</param>
            <param name="columnName">DataReader column name</param>
            <returns>Mapping implementation</returns>
        </member>
        <member name="M:Tc.Gny.Framework.ORM.Dapper.SqlMapper.ITypeMap.GetMember(System.String)">
            <summary>
                Gets member mapping for column
            </summary>
            <param name="columnName">DataReader column name</param>
            <returns>Mapping implementation</returns>
        </member>
        <member name="T:Tc.Gny.Framework.ORM.Dapper.SqlMapper.IMemberMap">
            <summary>
                Implements this interface to provide custom member mapping
            </summary>
        </member>
        <member name="P:Tc.Gny.Framework.ORM.Dapper.SqlMapper.IMemberMap.ColumnName">
            <summary>
                Source DataReader column name
            </summary>
        </member>
        <member name="P:Tc.Gny.Framework.ORM.Dapper.SqlMapper.IMemberMap.MemberType">
            <summary>
                Target member type
            </summary>
        </member>
        <member name="P:Tc.Gny.Framework.ORM.Dapper.SqlMapper.IMemberMap.Property">
            <summary>
                Target property
            </summary>
        </member>
        <member name="P:Tc.Gny.Framework.ORM.Dapper.SqlMapper.IMemberMap.Field">
            <summary>
                Target field
            </summary>
        </member>
        <member name="P:Tc.Gny.Framework.ORM.Dapper.SqlMapper.IMemberMap.Parameter">
            <summary>
                Target constructor parameter
            </summary>
        </member>
        <member name="T:Tc.Gny.Framework.ORM.Dapper.SqlMapper.Link`2">
            <summary>
                This is a micro-cache; suitable when the number of terms is controllable (a few hundred, for example),
                and strictly append-only; you cannot change existing values. All key matches are on **REFERENCE**
                equality. The type is fully thread-safe.
            </summary>
        </member>
        <member name="T:Tc.Gny.Framework.ORM.Dapper.SqlMapper.Identity">
            <summary>
                Identity of a cached query in Dapper, used for extensability
            </summary>
        </member>
        <member name="F:Tc.Gny.Framework.ORM.Dapper.SqlMapper.Identity.commandType">
            <summary>
                The command type
            </summary>
        </member>
        <member name="F:Tc.Gny.Framework.ORM.Dapper.SqlMapper.Identity.connectionString">
            <summary>
            </summary>
        </member>
        <member name="F:Tc.Gny.Framework.ORM.Dapper.SqlMapper.Identity.gridIndex">
            <summary>
            </summary>
        </member>
        <member name="F:Tc.Gny.Framework.ORM.Dapper.SqlMapper.Identity.hashCode">
            <summary>
            </summary>
        </member>
        <member name="F:Tc.Gny.Framework.ORM.Dapper.SqlMapper.Identity.parametersType">
            <summary>
            </summary>
        </member>
        <member name="F:Tc.Gny.Framework.ORM.Dapper.SqlMapper.Identity.sql">
            <summary>
                The sql
            </summary>
        </member>
        <member name="F:Tc.Gny.Framework.ORM.Dapper.SqlMapper.Identity.type">
            <summary>
            </summary>
        </member>
        <member name="M:Tc.Gny.Framework.ORM.Dapper.SqlMapper.Identity.Equals(Tc.Gny.Framework.ORM.Dapper.SqlMapper.Identity)">
            <summary>
                Compare 2 Identity objects
            </summary>
            <param name="other"></param>
            <returns></returns>
        </member>
        <member name="M:Tc.Gny.Framework.ORM.Dapper.SqlMapper.Identity.ForDynamicParameters(System.Type)">
            <summary>
                Create an identity for use with DynamicParameters, internal use only
            </summary>
            <param name="type"></param>
            <returns></returns>
        </member>
        <member name="M:Tc.Gny.Framework.ORM.Dapper.SqlMapper.Identity.Equals(System.Object)">
            <summary>
            </summary>
            <param name="obj"></param>
            <returns></returns>
        </member>
        <member name="M:Tc.Gny.Framework.ORM.Dapper.SqlMapper.Identity.GetHashCode">
            <summary>
            </summary>
            <returns></returns>
        </member>
        <member name="T:Tc.Gny.Framework.ORM.Dapper.SqlMapper.LiteralToken">
            <summary>
                Represents a placeholder for a value that should be replaced as a literal value in the resulting sql
            </summary>
        </member>
        <member name="P:Tc.Gny.Framework.ORM.Dapper.SqlMapper.LiteralToken.Token">
            <summary>
                The text in the original command that should be replaced
            </summary>
        </member>
        <member name="P:Tc.Gny.Framework.ORM.Dapper.SqlMapper.LiteralToken.Member">
            <summary>
                The name of the member referred to by the token
            </summary>
        </member>
        <member name="T:Tc.Gny.Framework.ORM.Dapper.SqlMapper.GridReader">
            <summary>
                The grid reader provides interfaces for reading multiple result sets from a Dapper query
            </summary>
        </member>
        <member name="M:Tc.Gny.Framework.ORM.Dapper.SqlMapper.GridReader.Read(System.Boolean)">
            <summary>
                Read the next grid of results, returned as a dynamic object
            </summary>
        </member>
        <member name="M:Tc.Gny.Framework.ORM.Dapper.SqlMapper.GridReader.Read``1(System.Boolean)">
            <summary>
                Read the next grid of results
            </summary>
        </member>
        <member name="M:Tc.Gny.Framework.ORM.Dapper.SqlMapper.GridReader.Read``3(System.Func{``0,``1,``2},System.String,System.Boolean)">
            <summary>
                Read multiple objects from a single recordset on the grid
            </summary>
        </member>
        <member name="M:Tc.Gny.Framework.ORM.Dapper.SqlMapper.GridReader.Read``4(System.Func{``0,``1,``2,``3},System.String,System.Boolean)">
            <summary>
                Read multiple objects from a single recordset on the grid
            </summary>
        </member>
        <member name="M:Tc.Gny.Framework.ORM.Dapper.SqlMapper.GridReader.Read``5(System.Func{``0,``1,``2,``3,``4},System.String,System.Boolean)">
            <summary>
                Read multiple objects from a single record set on the grid
            </summary>
        </member>
        <member name="M:Tc.Gny.Framework.ORM.Dapper.SqlMapper.GridReader.Read``6(System.Func{``0,``1,``2,``3,``4,``5},System.String,System.Boolean)">
            <summary>
                Read multiple objects from a single record set on the grid
            </summary>
        </member>
        <member name="M:Tc.Gny.Framework.ORM.Dapper.SqlMapper.GridReader.Read``7(System.Func{``0,``1,``2,``3,``4,``5,``6},System.String,System.Boolean)">
            <summary>
                Read multiple objects from a single record set on the grid
            </summary>
        </member>
        <member name="M:Tc.Gny.Framework.ORM.Dapper.SqlMapper.GridReader.Read``8(System.Func{``0,``1,``2,``3,``4,``5,``6,``7},System.String,System.Boolean)">
            <summary>
                Read multiple objects from a single record set on the grid
            </summary>
        </member>
        <member name="M:Tc.Gny.Framework.ORM.Dapper.SqlMapper.GridReader.Dispose">
            <summary>
                Dispose the grid, closing and disposing both the underlying reader and command.
            </summary>
        </member>
        <member name="T:Tc.Gny.Framework.ORM.Dapper.DynamicParameters">
            <summary>
                A bag of parameters that can be passed to the Dapper Query and Execute methods
            </summary>
        </member>
        <member name="M:Tc.Gny.Framework.ORM.Dapper.DynamicParameters.#ctor">
            <summary>
                construct a dynamic parameter bag
            </summary>
        </member>
        <member name="M:Tc.Gny.Framework.ORM.Dapper.DynamicParameters.#ctor(System.Object)">
            <summary>
                construct a dynamic parameter bag
            </summary>
            <param name="template">can be an anonymous type or a DynamicParameters bag</param>
        </member>
        <member name="M:Tc.Gny.Framework.ORM.Dapper.DynamicParameters.AddDynamicParams(System.Object)">
            <summary>
                Append a whole object full of params to the dynamic
                EG: AddDynamicParams(new {A = 1, B = 2}) // will add property A and B to the dynamic
            </summary>
            <param name="param"></param>
        </member>
        <member name="M:Tc.Gny.Framework.ORM.Dapper.DynamicParameters.Add(System.String,System.Object,System.Nullable{System.Data.DbType},System.Nullable{System.Data.ParameterDirection},System.Nullable{System.Int32})">
            <summary>
                Add a parameter to this dynamic parameter list
            </summary>
            <param name="name"></param>
            <param name="value"></param>
            <param name="dbType"></param>
            <param name="direction"></param>
            <param name="size"></param>
        </member>
        <member name="M:Tc.Gny.Framework.ORM.Dapper.DynamicParameters.AddParameters(System.Data.IDbCommand,Tc.Gny.Framework.ORM.Dapper.SqlMapper.Identity)">
            <summary>
                Add all the parameters needed to the command just before it executes
            </summary>
            <param name="command">The raw command prior to execution</param>
            <param name="identity">Information about the query</param>
        </member>
        <member name="M:Tc.Gny.Framework.ORM.Dapper.DynamicParameters.Get``1(System.String)">
            <summary>
                Get the value of a parameter
            </summary>
            <typeparam name="T"></typeparam>
            <param name="name"></param>
            <returns>The value, note DBNull.Value is not returned, instead the value is returned as null</returns>
        </member>
        <member name="P:Tc.Gny.Framework.ORM.Dapper.DynamicParameters.RemoveUnused">
            <summary>
                If true, the command-text is inspected and only values that are clearly used are included on the connection
            </summary>
        </member>
        <member name="P:Tc.Gny.Framework.ORM.Dapper.DynamicParameters.ParameterNames">
            <summary>
                All the names of the param in the bag, use Get to yank them out
            </summary>
        </member>
        <member name="T:Tc.Gny.Framework.ORM.Dapper.DbString">
            <summary>
                This class represents a SQL string, it can be used if you need to denote your parameter is a Char vs VarChar vs
                nVarChar vs nChar
            </summary>
        </member>
        <member name="M:Tc.Gny.Framework.ORM.Dapper.DbString.#ctor">
            <summary>
                Create a new DbString
            </summary>
        </member>
        <member name="M:Tc.Gny.Framework.ORM.Dapper.DbString.AddParameter(System.Data.IDbCommand,System.String)">
            <summary>
                Add the parameter to the command... internal use only
            </summary>
            <param name="command"></param>
            <param name="name"></param>
        </member>
        <member name="P:Tc.Gny.Framework.ORM.Dapper.DbString.IsAnsi">
            <summary>
                Ansi vs Unicode
            </summary>
        </member>
        <member name="P:Tc.Gny.Framework.ORM.Dapper.DbString.IsFixedLength">
            <summary>
                Fixed length
            </summary>
        </member>
        <member name="P:Tc.Gny.Framework.ORM.Dapper.DbString.Length">
            <summary>
                Length of the string -1 for max
            </summary>
        </member>
        <member name="P:Tc.Gny.Framework.ORM.Dapper.DbString.Value">
            <summary>
                The value of the string
            </summary>
        </member>
        <member name="T:Tc.Gny.Framework.ORM.Dapper.FeatureSupport">
            <summary>
                Handles variances in features per DBMS
            </summary>
        </member>
        <member name="F:Tc.Gny.Framework.ORM.Dapper.FeatureSupport.FeatureList">
            <summary>
                Dictionary of supported features index by connection type name
            </summary>
        </member>
        <member name="M:Tc.Gny.Framework.ORM.Dapper.FeatureSupport.Get(System.Data.IDbConnection)">
            <summary>
                Gets the featureset based on the passed connection
            </summary>
        </member>
        <member name="P:Tc.Gny.Framework.ORM.Dapper.FeatureSupport.Arrays">
            <summary>
                True if the db supports array columns e.g. Postgresql
            </summary>
        </member>
        <member name="T:Tc.Gny.Framework.ORM.Dapper.SimpleMemberMap">
            <summary>
                Represents simple memeber map for one of target parameter or property or field to source DataReader column
            </summary>
        </member>
        <member name="M:Tc.Gny.Framework.ORM.Dapper.SimpleMemberMap.#ctor(System.String,System.Reflection.PropertyInfo)">
            <summary>
                Creates instance for simple property mapping
            </summary>
            <param name="columnName">DataReader column name</param>
            <param name="property">Target property</param>
        </member>
        <member name="M:Tc.Gny.Framework.ORM.Dapper.SimpleMemberMap.#ctor(System.String,System.Reflection.FieldInfo)">
            <summary>
                Creates instance for simple field mapping
            </summary>
            <param name="columnName">DataReader column name</param>
            <param name="field">Target property</param>
        </member>
        <member name="M:Tc.Gny.Framework.ORM.Dapper.SimpleMemberMap.#ctor(System.String,System.Reflection.ParameterInfo)">
            <summary>
                Creates instance for simple constructor parameter mapping
            </summary>
            <param name="columnName">DataReader column name</param>
            <param name="parameter">Target constructor parameter</param>
        </member>
        <member name="P:Tc.Gny.Framework.ORM.Dapper.SimpleMemberMap.ColumnName">
            <summary>
                DataReader column name
            </summary>
        </member>
        <member name="P:Tc.Gny.Framework.ORM.Dapper.SimpleMemberMap.MemberType">
            <summary>
                Target member type
            </summary>
        </member>
        <member name="P:Tc.Gny.Framework.ORM.Dapper.SimpleMemberMap.Property">
            <summary>
                Target property
            </summary>
        </member>
        <member name="P:Tc.Gny.Framework.ORM.Dapper.SimpleMemberMap.Field">
            <summary>
                Target field
            </summary>
        </member>
        <member name="P:Tc.Gny.Framework.ORM.Dapper.SimpleMemberMap.Parameter">
            <summary>
                Target constructor parameter
            </summary>
        </member>
        <member name="T:Tc.Gny.Framework.ORM.Dapper.DefaultTypeMap">
            <summary>
                Represents default type mapping strategy used by Dapper
            </summary>
        </member>
        <member name="M:Tc.Gny.Framework.ORM.Dapper.DefaultTypeMap.#ctor(System.Type)">
            <summary>
                Creates default type map
            </summary>
            <param name="type">Entity type</param>
        </member>
        <member name="M:Tc.Gny.Framework.ORM.Dapper.DefaultTypeMap.FindConstructor(System.String[],System.Type[])">
            <summary>
                Finds best constructor
            </summary>
            <param name="names">DataReader column names</param>
            <param name="types">DataReader column types</param>
            <returns>Matching constructor or default one</returns>
        </member>
        <member name="M:Tc.Gny.Framework.ORM.Dapper.DefaultTypeMap.GetConstructorParameter(System.Reflection.ConstructorInfo,System.String)">
            <summary>
                Gets mapping for constructor parameter
            </summary>
            <param name="constructor">Constructor to resolve</param>
            <param name="columnName">DataReader column name</param>
            <returns>Mapping implementation</returns>
        </member>
        <member name="M:Tc.Gny.Framework.ORM.Dapper.DefaultTypeMap.GetMember(System.String)">
            <summary>
                Gets member mapping for column
            </summary>
            <param name="columnName">DataReader column name</param>
            <returns>Mapping implementation</returns>
        </member>
        <member name="T:Tc.Gny.Framework.ORM.Dapper.CustomPropertyTypeMap">
            <summary>
                Implements custom property mapping by user provided criteria (usually presence of some custom attribute with column
                to member mapping)
            </summary>
        </member>
        <member name="M:Tc.Gny.Framework.ORM.Dapper.CustomPropertyTypeMap.#ctor(System.Type,System.Func{System.Type,System.String,System.Reflection.PropertyInfo})">
            <summary>
                Creates custom property mapping
            </summary>
            <param name="type">Target entity type</param>
            <param name="propertySelector">Property selector based on target type and DataReader column name</param>
        </member>
        <member name="M:Tc.Gny.Framework.ORM.Dapper.CustomPropertyTypeMap.FindConstructor(System.String[],System.Type[])">
            <summary>
                Always returns default constructor
            </summary>
            <param name="names">DataReader column names</param>
            <param name="types">DataReader column types</param>
            <returns>Default constructor</returns>
        </member>
        <member name="M:Tc.Gny.Framework.ORM.Dapper.CustomPropertyTypeMap.GetConstructorParameter(System.Reflection.ConstructorInfo,System.String)">
            <summary>
                Not impelmeneted as far as default constructor used for all cases
            </summary>
            <param name="constructor"></param>
            <param name="columnName"></param>
            <returns></returns>
        </member>
        <member name="M:Tc.Gny.Framework.ORM.Dapper.CustomPropertyTypeMap.GetMember(System.String)">
            <summary>
                Returns property based on selector strategy
            </summary>
            <param name="columnName">DataReader column name</param>
            <returns>Poperty member map</returns>
        </member>
        <member name="T:Tc.Gny.Framework.ORM.DynamicObj.IMemberAccessor">
            <summary>
            运行时访问对象成员
            </summary>
        </member>
        <member name="M:Tc.Gny.Framework.ORM.DynamicObj.IMemberAccessor.GetValue(System.Object,System.String)">
            <summary>
            获取属性值
            </summary>
            <param name="instance">对象</param>
            <param name="memberName">属性名称</param>
            <returns>属性值</returns>
        </member>
        <member name="M:Tc.Gny.Framework.ORM.DynamicObj.IMemberAccessor.SetValue(System.Object,System.String,System.Object)">
            <summary>
            设置属性值
            </summary>
            <param name="instance">对象</param>
            <param name="memberName">属性名称</param>
            <param name="newValue">属性值</param>
        </member>
        <member name="M:Tc.Gny.Framework.ORM.Extisions.DbContextExtision.QueryOrder``2(Tc.Gny.Framework.ORM.Interface.IDBContext{``0},System.Linq.Expressions.Expression{System.Func{``0,System.Boolean}},System.Linq.Expressions.Expression{System.Func{``0,``1}})">
            <summary>
            linq查询 
            </summary>
            <param name="func"></param>
            <returns></returns>
        </member>
        <member name="M:Tc.Gny.Framework.ORM.Extisions.DbContextExtision.Query``1(Tc.Gny.Framework.ORM.Interface.IDBContext{``0},System.Linq.Expressions.Expression{System.Func{``0,System.Boolean}})">
            <summary>
            linq查询 
            </summary>
            <param name="func"></param>
            <returns></returns>
        </member>
        <member name="M:Tc.Gny.Framework.ORM.Extisions.DbContextExtision.QueryPage``2(Tc.Gny.Framework.ORM.Interface.IDBContext{``0},System.Linq.Expressions.Expression{System.Func{``0,System.Boolean}},System.Linq.Expressions.Expression{System.Func{``0,``1}},System.Int32,System.Int32)">
            <summary>
            linq分页查询
            </summary>
            <param name="func"></param>
            <param name="orderby"></param>
            <param name="pageIndex"></param>
            <param name="pageSize"></param>
            <param name="total"></param>
            <returns></returns>
        </member>
        <member name="M:Tc.Gny.Framework.ORM.Extisions.IEntityExtision.Insert``1(``0)">
            <summary>
            新增数据
            </summary>
            <typeparam name="T"></typeparam>
            <param name="entity"></param>
            <returns></returns>
        </member>
        <member name="M:Tc.Gny.Framework.ORM.Extisions.IEntityExtision.Update``1(``0)">
            <summary>
            新增数据
            </summary>
            <typeparam name="T"></typeparam>
            <param name="entity"></param>
            <returns></returns>
        </member>
        <member name="M:Tc.Gny.Framework.ORM.Extisions.IEntityExtision.Delete``1(``0)">
            <summary>
            新增数据
            </summary>
            <typeparam name="T"></typeparam>
            <param name="entity"></param>
            <returns></returns>
        </member>
        <member name="M:Tc.Gny.Framework.ORM.GenTable.GenDb.Gen(System.Reflection.Assembly,Tc.Gny.Framework.ORM.Interface.ISQLContext)">
            <summary>
            请先创建好数据库，然后依据程序集生成所有表
            </summary>
            <param name="assembly"></param>
            <param name="context"></param>
            <returns></returns>
        </member>
        <member name="M:Tc.Gny.Framework.ORM.GenTable.GenDb.Gen(Tc.Gny.Framework.ORM.Interface.ISQLContext,System.Reflection.Assembly)">
            <summary>
            请先创建好数据库，然后依据程序集生成所有表
            </summary>
            <param name="assembly"></param>
            <param name="context"></param>
            <returns></returns>
        </member>
        <member name="T:Tc.Gny.Framework.ORM.GenTable.GenTbl">
            <summary>
            生成数据表
            </summary>
        </member>
        <member name="M:Tc.Gny.Framework.ORM.Interface.IDBContext`1.Add(`0,System.Boolean,System.Boolean)">
            <summary>
                新增一条数据
            </summary>
            <param name="entity"></param>
            <param name="backIdentity">返回主键</param>
            <param name="allinsert">全量插入</param>
            <returns></returns>
        </member>
        <member name="M:Tc.Gny.Framework.ORM.Interface.IDBContext`1.Update(`0,System.String,System.Object[])">
            <summary>
                更新一条数据
            </summary>
            <param name="entity"></param>
            <param name="where">添加更多条件,可以不写,记得写and 哟</param>
            <param name="paras">条件中的参数，也可以不写</param>
            <returns></returns>
        </member>
        <member name="M:Tc.Gny.Framework.ORM.Interface.IDBContext`1.Delete(`0)">
            <summary>
                删除一条数据
            </summary>
            <param name="entity"></param>
            <returns></returns>
        </member>
        <member name="M:Tc.Gny.Framework.ORM.Interface.IDBContext`1.Delete(System.Object)">
            <summary>
                根据主键删除一条数据  pk 可为null
            </summary>
            <param name="pk"></param>
            <returns></returns>
        </member>
        <member name="M:Tc.Gny.Framework.ORM.Interface.IDBContext`1.Delete">
            <summary>
                根据主键删除一条数据  pk 可为null
            </summary>
            <param name="pk"></param>
            <returns></returns>
        </member>
        <member name="M:Tc.Gny.Framework.ORM.Interface.IDBContext`1.BatchDelete(`0)">
            <summary>
                删除多个对象 (增量)
            </summary>
            <param name="entity"></param>
        </member>
        <member name="M:Tc.Gny.Framework.ORM.Interface.IDBContext`1.GetModel(System.Object)">
            <summary>
                根据主键获取一个实体对象
            </summary>
            <param name="pk"></param>
            <returns></returns>
        </member>
        <member name="M:Tc.Gny.Framework.ORM.Interface.IDBContext`1.Query(System.String,System.Collections.Generic.IDictionary{System.String,System.Object},System.String)">
            <summary>
                通过where 查询一批数据
            </summary>
            <param name="where"></param>
            <returns></returns>
        </member>
        <member name="M:Tc.Gny.Framework.ORM.Interface.IDBContext`1.Query(System.String,System.String)">
            <summary>
                通过where 查询一批数据
            </summary>
            <param name="where"></param>
            <returns></returns>
        </member>
        <member name="M:Tc.Gny.Framework.ORM.Interface.IDBContext`1.QueryPage(System.String,System.Collections.Generic.IDictionary{System.String,System.Object},System.String,System.Int32,System.Int32)">
            <summary>
                查询分页数据
            </summary>
            <param name="where"></param>
            <param name="pageIndex"></param>
            <param name="pageSize"></param>
            <param name="total"></param>
            <returns></returns>
        </member>
        <member name="M:Tc.Gny.Framework.ORM.Interface.IDBContext`1.QueryPage(System.String,System.String,System.Int32,System.Int32)">
            <summary>
                查询分页数据
            </summary>
            <param name="where"></param>
            <param name="pageIndex"></param>
            <param name="pageSize"></param>
            <param name="total"></param>
            <returns></returns>
        </member>
        <member name="M:Tc.Gny.Framework.ORM.Interface.IDBContext`1.Query(System.String,System.String,System.Object[])">
            <summary>
                通过where 匿名查询 where 条件使用 condition1=? and condition2=?
            </summary>
            <param name="where"></param>
            <returns></returns>
        </member>
        <member name="M:Tc.Gny.Framework.ORM.Interface.IDBContext`1.QueryPage(System.String,System.String,System.Int32,System.Int32,System.Object[])">
            <summary>
                查询分页数据  匿名查询 where 条件使用   condition1=? and condition2=?  1,2,3,4,5,
            </summary>
            <param name="where"></param>
            <param name="pageIndex"></param>
            <param name="pageSize"></param>
            <param name="order"></param>
            <returns></returns>
        </member>
        <member name="M:Tc.Gny.Framework.ORM.Implementation.EntityContext`1.Add(`0,System.Boolean,System.Boolean)">
            <summary>
                新增一个对象
            </summary>
            <param name="entity"></param>
            <param name="back">是否返回id</param>
            <param name="allinsert"></param>
        </member>
        <member name="M:Tc.Gny.Framework.ORM.Implementation.EntityContext`1.Update(`0,System.String,System.Object[])">
            <summary>
                更新一个对象
            </summary>
            <param name="entity"></param>
            <param name="where"></param>
            <param name="paras"></param>
        </member>
        <member name="M:Tc.Gny.Framework.ORM.Implementation.EntityContext`1.Delete(`0)">
            <summary>
                删除一个对象(主键)
            </summary>
            <param name="entity"></param>
        </member>
        <member name="M:Tc.Gny.Framework.ORM.Implementation.EntityContext`1.BatchDelete(`0)">
            <summary>
                删除多个对象 (增量)
            </summary>
            <param name="entity"></param>
        </member>
        <member name="M:Tc.Gny.Framework.ORM.Implementation.EntityContext`1.GetModel(System.Object)">
            <summary>
                获取一个实体对象
            </summary>
            <param name="pk"></param>
            <returns></returns>
        </member>
        <member name="M:Tc.Gny.Framework.ORM.Implementation.EntityContext`1.Query(System.String,System.Collections.Generic.IDictionary{System.String,System.Object},System.String)">
            <summary>
                查询一系列实体对象
            </summary>
            <param name="where"></param>
            <param name="paras"></param>
            <param name="order"></param>
            <returns></returns>
        </member>
        <member name="M:Tc.Gny.Framework.ORM.Implementation.EntityContext`1.Query(System.String,System.String)">
            <summary>
                查询一系列实体对象
            </summary>
            <param name="where"></param>
            <param name="order"></param>
            <returns></returns>
        </member>
        <member name="M:Tc.Gny.Framework.ORM.Implementation.EntityContext`1.QueryPage(System.String,System.Collections.Generic.IDictionary{System.String,System.Object},System.String,System.Int32,System.Int32)">
            <summary>
                分页查询
            </summary>
            <param name="where"></param>
            <param name="order"></param>
            <param name="pageIndex"></param>
            <param name="pageSize"></param>
            <param name="total"></param>
            <returns></returns>
        </member>
        <member name="M:Tc.Gny.Framework.ORM.Implementation.EntityContext`1.QueryPage(System.String,System.String,System.Int32,System.Int32)">
            <summary>
                分页查询
            </summary>
            <param name="where"></param>
            <param name="order"></param>
            <param name="pageIndex"></param>
            <param name="pageSize"></param>
            <param name="total"></param>
            <returns></returns>
        </member>
        <member name="M:Tc.Gny.Framework.ORM.Interface.ISQLContext.GetResult``1(System.String,Tc.Gny.Framework.ORM.Attrbuites.SqlNote)">
            <summary>
                获取单个结果值，查询数量，查询某个字段值等等
            </summary>
            <typeparam name="T"></typeparam>
            <param name="sql"></param>
            <param name="sqlnote"></param>
            <returns></returns>
        </member>
        <member name="M:Tc.Gny.Framework.ORM.Interface.ISQLContext.GetResult``1(System.String,System.Data.SqlClient.SqlParameter[],Tc.Gny.Framework.ORM.Attrbuites.SqlNote)">
            <summary>
                获取单个结果值，查询数量，查询某个字段值等等
            </summary>
            <typeparam name="T"></typeparam>
            <param name="sql"></param>
            <returns></returns>
        </member>
        <member name="M:Tc.Gny.Framework.ORM.Interface.ISQLContext.GetRowsResults``1(System.String,Tc.Gny.Framework.ORM.Attrbuites.SqlNote)">
            <summary>
                返回多行的第一个结果
            </summary>
            <typeparam name="T"></typeparam>
            <param name="sql"></param>
            <returns></returns>
        </member>
        <member name="M:Tc.Gny.Framework.ORM.Interface.ISQLContext.ExecuteSQLInTrans(System.String,Tc.Gny.Framework.ORM.Attrbuites.SqlNote,System.Object[])">
            <summary>
                在事务中执行SQL语句，提交后发送数据持久化
            </summary>
            <param name="sql"></param>
            <returns></returns>
        </member>
        <member name="M:Tc.Gny.Framework.ORM.Interface.ISQLContext.ExecuteSQL(System.String,Tc.Gny.Framework.ORM.Attrbuites.SqlNote,System.Object[])">
            <summary>
                直接执行执行SQL语句并提交
            </summary>
            <param name="sql"></param>
            <returns></returns>
        </member>
        <member name="M:Tc.Gny.Framework.ORM.Interface.ISQLContext.ExecuteSQLs(System.Collections.Generic.List{System.String},Tc.Gny.Framework.ORM.Attrbuites.SqlNote)">
            <summary>
                按事务执行批量SQL语句
            </summary>
            <param name="sql"></param>
            <param name="objs"></param>
            <returns></returns>
        </member>
        <member name="M:Tc.Gny.Framework.ORM.Interface.ISQLContext.ExecuteQuery(System.String,Tc.Gny.Framework.ORM.Attrbuites.SqlNote,System.Object[])">
            <summary>
                执行查询，返回dataset
            </summary>
            <param name="sql"></param>
            <param name="paras"></param>
            <returns></returns>
        </member>
        <member name="M:Tc.Gny.Framework.ORM.Interface.ISQLContext.ExecuteQuery(System.String,System.Collections.Generic.IDictionary{System.String,System.Object},Tc.Gny.Framework.ORM.Attrbuites.SqlNote)">
            <summary>
                执行查询，返回dataset
            </summary>
            <param name="sql"></param>
            <param name="paras"></param>
            <param name="sqlnote"></param>
            <returns></returns>
        </member>
        <member name="M:Tc.Gny.Framework.ORM.Interface.ISQLContext.ExecuteQueryScalar(System.String,Tc.Gny.Framework.ORM.Attrbuites.SqlNote,System.Object[])">
            <summary>
            执行查询，返回dataset
            </summary>
            <param name="sql"></param>
            <param name="sqlnote"></param>
            <param name="paras"></param>
            <returns></returns>
        </member>
        <member name="M:Tc.Gny.Framework.ORM.Interface.ISQLContext.ExecutePageQuery(System.String,System.Collections.Generic.IDictionary{System.String,System.Object},System.String,System.Int32,System.Int32,Tc.Gny.Framework.ORM.Attrbuites.SqlNote)">
            <summary>
                执行查询，返回dataset
            </summary>
            <param name="sql"></param>
            <param name="paras"></param>
            <param name="order"></param>
            <param name="pageIndex"></param>
            <param name="pageSize"></param>
            <returns></returns>
        </member>
        <member name="M:Tc.Gny.Framework.ORM.Interface.ISQLContext.ExecutePageQuery(System.String,System.String,System.Int32,System.Int32,Tc.Gny.Framework.ORM.Attrbuites.SqlNote,System.Object[])">
            <summary>
                执行查询，返回dataset
            </summary>
            <param name="sql"></param>
            <param name="paras"></param>
            <param name="order"></param>
            <param name="pageIndex"></param>
            <param name="pageSize"></param>
            <returns></returns>
        </member>
        <member name="M:Tc.Gny.Framework.ORM.Interface.ISQLContext.ExecutePageQuery``1(System.String,System.String,System.Int32,System.Int32,Tc.Gny.Framework.ORM.Attrbuites.SqlNote,System.Object[])">
            <summary>
            分页查询返回实体
            </summary>
            <typeparam name="T"></typeparam>
            <param name="sql"></param>
            <param name="order"></param>
            <param name="pageIndex"></param>
            <param name="pageSize"></param>
            <param name="sqlnote"></param>
            <param name="paras"></param>
            <returns></returns>
        </member>
        <member name="M:Tc.Gny.Framework.ORM.Interface.ISQLContext.ExecuteQueryReader(System.String,Tc.Gny.Framework.ORM.Attrbuites.SqlNote)">
            <summary>
            查询reader
            </summary>
            <param name="sql"></param>
            <returns></returns>
        </member>
        <member name="M:Tc.Gny.Framework.ORM.Interface.ISQLContext.ExecuteQueryReader(System.String,Tc.Gny.Framework.ORM.Attrbuites.SqlNote,System.Data.SqlClient.SqlParameter[])">
            <summary>
            查询reader
            </summary>
            <param name="sql"></param>
            <param name="cmdParms"></param>
            <returns></returns>
        </member>
        <member name="M:Tc.Gny.Framework.ORM.Interface.ISQLContext.ExecuteQuery``1(System.String,Tc.Gny.Framework.ORM.Attrbuites.SqlNote,System.Data.SqlClient.SqlParameter[])">
            <summary>
            返回实体对象
            </summary>
            <typeparam name="T"></typeparam>
            <param name="sql"></param>
            <param name="cmdParms"></param>
            <returns></returns>
        </member>
        <member name="M:Tc.Gny.Framework.ORM.Interface.ISQLContext.ExecuteQueryModels``1(System.String,Tc.Gny.Framework.ORM.Attrbuites.SqlNote,System.Object[])">
            <summary>
            批量查询对象
            </summary>
            <typeparam name="T"></typeparam>
            <param name="sql"></param>
            <param name="sqlnote"></param>
            <param name="paras"></param>
            <returns></returns>
        </member>
        <member name="M:Tc.Gny.Framework.ORM.Interface.ISQLContext.ExecuteExpandoObjects(System.String,Tc.Gny.Framework.ORM.Attrbuites.SqlNote,System.Object[])">
            <summary>
            返回动态结果集
            </summary>
            <param name="sql"></param>
            <param name="sqlnote"></param>
            <param name="cmdParms"></param>
            <returns></returns>
        </member>
        <member name="M:Tc.Gny.Framework.ORM.Interface.ISQLContext.ExecutePageExpandoObjects(System.String,System.String,System.Int32,System.Int32,Tc.Gny.Framework.ORM.Attrbuites.SqlNote,System.Object[])">
            <summary>
                执行查询，返回dataset
            </summary>
            <param name="sql"></param>
            <param name="order"></param>
            <param name="pageIndex"></param>
            <param name="pageSize"></param>
            <param name="cmdParms"></param>
            <returns></returns>
        </member>
        <member name="M:Tc.Gny.Framework.ORM.Interface.ISQLContext.ExecuteExpandoObject(System.String,Tc.Gny.Framework.ORM.Attrbuites.SqlNote,System.Object[])">
            <summary>
                查询一个数据的动态结果
            </summary>
            <param name="sql"></param>
            <returns></returns>
        </member>
        <member name="M:Tc.Gny.Framework.ORM.Interface.ISQLContext.RunProcedure(System.String,System.Data.IDataParameter[],Tc.Gny.Framework.ORM.Attrbuites.SqlNote)">
            <summary>
                执行存储过程返回reader
            </summary>
            <param name="storedProcName"></param>
            <param name="parameters"></param>
            <returns></returns>
        </member>
        <member name="M:Tc.Gny.Framework.ORM.Interface.ISQLContext.RunProcedure(System.String,System.Data.IDataParameter[],System.String,Tc.Gny.Framework.ORM.Attrbuites.SqlNote)">
            <summary>
                执行存储过程返回dataset
            </summary>
            <param name="storedProcName"></param>
            <param name="parameters"></param>
            <param name="tableName"></param>
            <returns></returns>
        </member>
        <member name="M:Tc.Gny.Framework.ORM.Interface.ISQLContext.RunProcedure(System.String,System.Data.IDataParameter[],System.String,System.Int32,Tc.Gny.Framework.ORM.Attrbuites.SqlNote)">
            <summary>
                执行存储过程返回dataset
            </summary>
            <param name="storedProcName"></param>
            <param name="parameters"></param>
            <param name="tableName"></param>
            <param name="timeOut"></param>
            <returns></returns>
        </member>
        <member name="M:Tc.Gny.Framework.ORM.Interface.ISQLContext.RunProcedure(System.String,System.Data.IDataParameter[],System.Int32@,Tc.Gny.Framework.ORM.Attrbuites.SqlNote)">
            <summary>
                执行存储过程返回行数
            </summary>
            <param name="storedProcName"></param>
            <param name="parameters"></param>
            <param name="rowsAffected"></param>
            <returns></returns>
        </member>
        <member name="M:Tc.Gny.Framework.ORM.Implementation.SQLContext.ExecuteSQLs(System.Collections.Generic.List{System.String},Tc.Gny.Framework.ORM.Attrbuites.SqlNote)">
            <summary>
            执行系列sql语句
            </summary>
            <param name="sqls"></param>
            <returns></returns>
        </member>
        <member name="M:Tc.Gny.Framework.ORM.Implementation.SQLContext.RunProcedure(System.String,System.Data.IDataParameter[],Tc.Gny.Framework.ORM.Attrbuites.SqlNote)">
            <summary>
                执行存储过程，返回SqlDataReader ( 注意：调用该方法后，一定要对SqlDataReader进行Close )
            </summary>
            <param name="storedProcName">存储过程名</param>
            <param name="parameters">存储过程参数</param>
            <returns>SqlDataReader</returns>
        </member>
        <member name="M:Tc.Gny.Framework.ORM.Implementation.SQLContext.RunProcedure(System.String,System.Data.IDataParameter[],System.String,Tc.Gny.Framework.ORM.Attrbuites.SqlNote)">
            <summary>
                执行存储过程
            </summary>
            <param name="readType">数据读取方式</param>
            <param name="storedProcName">存储过程名</param>
            <param name="parameters">存储过程参数</param>
            <param name="tableName">DataSet结果中的表名</param>
            <returns>DataSet</returns>
        </member>
        <member name="M:Tc.Gny.Framework.ORM.Implementation.SQLContext.RunProcedure(System.String,System.Data.IDataParameter[],System.Int32@,Tc.Gny.Framework.ORM.Attrbuites.SqlNote)">
            <summary>
                执行存储过程，返回影响的行数
            </summary>
            <param name="storedProcName">存储过程名</param>
            <param name="parameters">存储过程参数</param>
            <param name="rowsAffected">影响的行数</param>
            <returns></returns>
        </member>
        <member name="M:Tc.Gny.Framework.ORM.Implementation.SQLContext.BuildQueryCommand(System.Data.SqlClient.SqlConnection,System.String,System.Data.IDataParameter[])">
            <summary>
                构建 SqlCommand 对象(用来返回一个结果集，而不是一个整数值)
            </summary>
            <param name="connection">数据库连接</param>
            <param name="storedProcName">存储过程名</param>
            <param name="parameters">存储过程参数</param>
            <returns>SqlCommand</returns>
        </member>
        <member name="M:Tc.Gny.Framework.ORM.Implementation.SQLContext.BuildIntCommand(System.Data.SqlClient.SqlConnection,System.String,System.Data.IDataParameter[])">
            <summary>
                创建 SqlCommand 对象实例(用来返回一个整数值)
            </summary>
            <param name="storedProcName">存储过程名</param>
            <param name="parameters">存储过程参数</param>
            <returns>SqlCommand 对象实例</returns>
        </member>
        <member name="T:Tc.Gny.Framework.ORM.Linq.Commandbuilder.CommandBuilder">
            <summary>
            SQL 命令构造器
            </summary>
        </member>
        <member name="F:Tc.Gny.Framework.ORM.Linq.Commandbuilder.CommandBuilder.parameters">
            <summary>
            参数列表
            </summary>
        </member>
        <member name="M:Tc.Gny.Framework.ORM.Linq.Commandbuilder.CommandBuilder.AddParameter(System.String,System.Object)">
            <summary>
            添加命名参数
            </summary>
            <param name="parameterName">参数名</param>
            <param name="value">参数值</param>
        </member>
        <member name="M:Tc.Gny.Framework.ORM.Linq.Commandbuilder.CommandBuilder.AddParameter(System.Object)">
            <summary>
            添加匿名参数
            </summary>
            <returns>参数名</returns>
            <param name="value">参数值</param>
        </member>
        <member name="M:Tc.Gny.Framework.ORM.Linq.Commandbuilder.CommandBuilder.ToString">
            <summary>
            重载基类 ToString 方法
            </summary>
            <returns>SQL 语句</returns>
        </member>
        <member name="P:Tc.Gny.Framework.ORM.Linq.Commandbuilder.CommandBuilder.Sql">
            <summary>
            获取 SQL 语句
            </summary>
            <value>The sql.</value>
        </member>
        <member name="P:Tc.Gny.Framework.ORM.Linq.Commandbuilder.CommandBuilder.Parameters">
            <summary>
            获取 SQL 命令构造器中的参数列表
            </summary>
            <value>The parameters.</value>
        </member>
        <member name="T:Tc.Gny.Framework.ORM.Linq.Commandbuilder.CommandParameter">
            <summary>
            命令参数
            </summary>
        </member>
        <member name="M:Tc.Gny.Framework.ORM.Linq.Commandbuilder.CommandParameter.#ctor">
            <summary>
            构造函数
            </summary>
        </member>
        <member name="M:Tc.Gny.Framework.ORM.Linq.Commandbuilder.CommandParameter.#ctor(System.String)">
            <summary>
            构造函数
            </summary>
            <param name="parameterName">参数名</param>
        </member>
        <member name="P:Tc.Gny.Framework.ORM.Linq.Commandbuilder.CommandParameter.ParameterName">
            <summary>
            获取或设置参数名称
            </summary>
        </member>
        <member name="P:Tc.Gny.Framework.ORM.Linq.Commandbuilder.CommandParameter.Direction">
            <summary>
            获取或设置参数方向
            </summary>
        </member>
        <member name="P:Tc.Gny.Framework.ORM.Linq.Commandbuilder.CommandParameter.Size">
            <summary>
            获取或设置参数大小
            </summary>
        </member>
        <member name="P:Tc.Gny.Framework.ORM.Linq.Commandbuilder.CommandParameter.Value">
            <summary>
            获取或设置参数值
            </summary>
            <value>The value.</value>
        </member>
        <member name="M:Tc.Gny.Framework.ORM.Linq.Commandbuilder.SqlServerQueryCommandBuilder.PrepareParameter">
            <summary>
            准备参数
            </summary>
            <param name="command">命令</param>
            <param name="parameters">参数列表</param>
        </member>
        <member name="M:Tc.Gny.Framework.ORM.Linq.Commandbuilder.SqlServerQueryCommandBuilder.#ctor">
            <summary>
            
            </summary>
        </member>
        <member name="M:Tc.Gny.Framework.ORM.Linq.Commandbuilder.SqlServerQueryCommandBuilder.OnPageQuery">
            <summary>
            
            </summary>
        </member>
        <member name="M:Tc.Gny.Framework.ORM.Linq.Commandbuilder.SqlServerQueryCommandBuilder.ToString">
            <summary>
            Returns a <see cref="T:System.String"/> that represents the current <see cref="T:Tc.Gny.Framework.ORM.Linq.Commandbuilder.SqlServerQueryCommandBuilder"/>.
            </summary>
            <returns>A <see cref="T:System.String"/> that represents the current <see cref="T:Tc.Gny.Framework.ORM.Linq.Commandbuilder.SqlServerQueryCommandBuilder"/>.</returns>
        </member>
        <member name="T:Tc.Gny.Framework.ORM.Linq.Constants">
            <summary>
            定义程序集中所用的常量
            </summary>
        </member>
        <member name="F:Tc.Gny.Framework.ORM.Linq.Constants.LeftQuote">
            <summary>
            左引用符号
            </summary>
        </member>
        <member name="F:Tc.Gny.Framework.ORM.Linq.Constants.RightQuote">
            <summary>
            右引用符号
            </summary>
        </member>
        <member name="F:Tc.Gny.Framework.ORM.Linq.Constants.ParameterPrefix">
            <summary>
            参数前缀
            </summary>
        </member>
        <member name="M:Tc.Gny.Framework.ORM.Linq.ExpressionExtensions.IsConstantNull(System.Linq.Expressions.Expression)">
            <summary>
            指示表达式是否为常量 null
            </summary>
            <param name="expression">表达式</param>
            <returns></returns>
        </member>
        <member name="M:Tc.Gny.Framework.ORM.Linq.ExpressionExtensions.ToMemberExpression(System.Linq.Expressions.Expression)">
            <summary>
            将表达式转换为 MemberExpression
            </summary>
            <returns>The to member expression.</returns>
            <param name="expression">Expression.</param>
        </member>
        <member name="M:Tc.Gny.Framework.ORM.Linq.ExpressionExtensions.MemberExpressionEqual(System.Linq.Expressions.MemberExpression,System.Linq.Expressions.MemberExpression)">
            <summary>
            判断两个 MemberExpression 是否相同
            </summary>
            <returns><c>true</c>, if expression equal was membered, <c>false</c> otherwise.</returns>
            <param name="x">The x coordinate.</param>
            <param name="y">The y coordinate.</param>
        </member>
        <member name="M:Tc.Gny.Framework.ORM.Linq.SqlServerOrderByClauseVisitor.#ctor">
            <summary>
            构造函数
            </summary>
        </member>
        <member name="M:Tc.Gny.Framework.ORM.Linq.SqlServerOrderByClauseVisitor.Translate(System.Linq.Expressions.Expression,Tc.Gny.Framework.ORM.Linq.Commandbuilder.SqlServerOrderByPartsCommandBuilder)">
            <summary>
            翻译表达式
            </summary>
            <returns></returns>
        </member>
        <member name="M:Tc.Gny.Framework.ORM.Linq.SqlServerOrderByClauseVisitor.VisitQuerySourceReferenceExpression(Remotion.Linq.Clauses.Expressions.QuerySourceReferenceExpression)">
            <summary>
            解析查询源引用表达式
            </summary>
            <param name="expression"></param>
            <returns></returns>
        </member>
        <member name="M:Tc.Gny.Framework.ORM.Linq.SqlServerOrderByClauseVisitor.VisitMemberExpression(System.Linq.Expressions.MemberExpression)">
            <summary>
            解析成员访问表达式
            </summary>
            <param name="expression"></param>
            <returns></returns>
        </member>
        <!-- 对于成员“M:Tc.Gny.Framework.ORM.Linq.SqlServerQueryExecutor.ExecuteCollection``1(Remotion.Linq.QueryModel)”忽略有格式错误的 XML 注释 -->
        <member name="M:Tc.Gny.Framework.ORM.Linq.SqlServerQueryExecutor.ExecuteScalar``1(Remotion.Linq.QueryModel)">
            <summary>
            执行查询，并返回第一行第一列
            </summary>
            <typeparam name="T"></typeparam>
            <param name="queryModel"></param>
            <returns></returns>
        </member>
        <member name="M:Tc.Gny.Framework.ORM.Linq.SqlServerQueryExecutor.ExecuteSingle``1(Remotion.Linq.QueryModel,System.Boolean)">
            <summary>
            执行查询，并返回单个对象
            </summary>
            <typeparam name="T"></typeparam>
            <param name="queryModel"></param>
            <param name="returnDefaultWhenEmpty"></param>
            <returns></returns>
        </member>
        <member name="M:Tc.Gny.Framework.ORM.Linq.SqlServerQueryModelVisitor.#ctor(System.String)">
            <summary>
            构造方法
            </summary>
            <param name="tblName"></param>
        </member>
        <member name="M:Tc.Gny.Framework.ORM.Linq.SqlServerQueryModelVisitor.Translate(Remotion.Linq.QueryModel)">
            <summary>
            将 QueryModel 翻译成查询命令
            </summary>
            <param name="queryModel"></param>
            <returns></returns>
        </member>
        <member name="M:Tc.Gny.Framework.ORM.Linq.SqlServerQueryModelVisitor.VisitQueryModel(Remotion.Linq.QueryModel)">
            <summary>
            解析 QueryModel
            </summary>
            <param name="queryModel"></param>
        </member>
        <member name="M:Tc.Gny.Framework.ORM.Linq.SqlServerQueryModelVisitor.VisitMainFromClause(Remotion.Linq.Clauses.MainFromClause,Remotion.Linq.QueryModel)">
            <summary>
            解析 from 语句
            </summary>
            <param name="fromClause"></param>
            <param name="queryModel"></param>
        </member>
        <member name="M:Tc.Gny.Framework.ORM.Linq.SqlServerQueryModelVisitor.VisitSelectClause(Remotion.Linq.Clauses.SelectClause,Remotion.Linq.QueryModel)">
            <summary>
            解析 select 语句
            </summary>
            <param name="selectClause"></param>
            <param name="queryModel"></param>
        </member>
        <member name="M:Tc.Gny.Framework.ORM.Linq.SqlServerQueryModelVisitor.VisitWhereClause(Remotion.Linq.Clauses.WhereClause,Remotion.Linq.QueryModel,System.Int32)">
            <summary>
            解析 Where 语句
            </summary>
            <param name="whereClause"></param>
            <param name="queryModel"></param>
            <param name="index"></param>
        </member>
        <member name="M:Tc.Gny.Framework.ORM.Linq.SqlServerQueryModelVisitor.VisitOrderByClause(Remotion.Linq.Clauses.OrderByClause,Remotion.Linq.QueryModel,System.Int32)">
            <summary>
            解析 orderby 语句
            </summary>
            <param name="orderByClause"></param>
            <param name="queryModel"></param>
            <param name="index"></param>
        </member>
        <member name="M:Tc.Gny.Framework.ORM.Linq.SqlServerQueryModelVisitor.VisitResultOperator(Remotion.Linq.Clauses.ResultOperatorBase,Remotion.Linq.QueryModel,System.Int32)">
            <summary>
            Visits the result operator.
            </summary>
            <param name="resultOperator">Result operator.</param>
            <param name="queryModel">Query model.</param>
            <param name="index">Index.</param>
        </member>
        <member name="M:Tc.Gny.Framework.ORM.Linq.SqlServerSelectClauseVisitor.#ctor">
            <summary>
            构造函数
            </summary>
        </member>
        <member name="M:Tc.Gny.Framework.ORM.Linq.SqlServerSelectClauseVisitor.Translate(System.Linq.Expressions.Expression,Tc.Gny.Framework.ORM.Linq.Commandbuilder.SqlServerSelectPartsCommandBuilder)">
            <summary>
            翻译表达式
            </summary>
            <returns></returns>
        </member>
        <member name="M:Tc.Gny.Framework.ORM.Linq.SqlServerSelectClauseVisitor.VisitQuerySourceReferenceExpression(Remotion.Linq.Clauses.Expressions.QuerySourceReferenceExpression)">
            <summary>
            解析查询源引用表达式
            </summary>
            <param name="expression"></param>
            <returns></returns>
        </member>
        <member name="M:Tc.Gny.Framework.ORM.Linq.SqlServerSelectClauseVisitor.VisitMemberExpression(System.Linq.Expressions.MemberExpression)">
            <summary>
            解析成员访问表达式
            </summary>
            <param name="expression"></param>
            <returns></returns>
        </member>
        <member name="M:Tc.Gny.Framework.ORM.Linq.SqlServerSelectClauseVisitor.VisitNewExpression(System.Linq.Expressions.NewExpression)">
            <summary>
            解析 New 表达式
            </summary>
            <param name="expression"></param>
            <returns></returns>
        </member>
        <member name="M:Tc.Gny.Framework.ORM.Linq.SqlServerSelectClauseVisitor.VisitMemberInitExpression(System.Linq.Expressions.MemberInitExpression)">
            <summary>
            解析 MemberInit 表达式
            </summary>
            <param name="expression"></param>
            <returns></returns>
        </member>
        <member name="M:Tc.Gny.Framework.ORM.Linq.SqlServerWhereClauseVisitor.#ctor">
            <summary>
            构造函数
            </summary>
        </member>
        <member name="M:Tc.Gny.Framework.ORM.Linq.SqlServerWhereClauseVisitor.Translate(System.Linq.Expressions.Expression,Tc.Gny.Framework.ORM.Linq.Commandbuilder.SqlServerWherePartsCommandBuilder)">
            <summary>
            翻译表达式
            </summary>
            <returns></returns>
        </member>
        <member name="M:Tc.Gny.Framework.ORM.Linq.SqlServerWhereClauseVisitor.VisitQuerySourceReferenceExpression(Remotion.Linq.Clauses.Expressions.QuerySourceReferenceExpression)">
            <summary>
            解析 QuerySourceReference 表达式
            </summary>
            <param name="expression"></param>
            <returns></returns>
        </member>
        <member name="M:Tc.Gny.Framework.ORM.Linq.SqlServerWhereClauseVisitor.VisitLambdaExpression(System.Linq.Expressions.LambdaExpression)">
            <summary>
            解析 Lambda 表达式
            </summary>
            <param name="expression"></param>
            <returns></returns>
        </member>
        <member name="M:Tc.Gny.Framework.ORM.Linq.SqlServerWhereClauseVisitor.VisitBinaryExpression(System.Linq.Expressions.BinaryExpression)">
            <summary>
            解析二元表达式
            </summary>
            <param name="expression"></param>
            <returns></returns>
        </member>
        <member name="M:Tc.Gny.Framework.ORM.Linq.SqlServerWhereClauseVisitor.VisitConstantExpression(System.Linq.Expressions.ConstantExpression)">
            <summary>
            解析常量表达式
            </summary>
            <param name="expression"></param>
            <returns></returns>
        </member>
        <member name="M:Tc.Gny.Framework.ORM.Linq.SqlServerWhereClauseVisitor.VisitMemberExpression(System.Linq.Expressions.MemberExpression)">
            <summary>
            解析成员访问表达式
            </summary>
            <param name="expression"></param>
            <returns></returns>
        </member>
        <member name="M:Tc.Gny.Framework.ORM.Linq.SqlServerWhereClauseVisitor.VisitMethodCallExpression(System.Linq.Expressions.MethodCallExpression)">
            <summary>
            解析方法调用表达式
            </summary>
            <param name="expression"></param>
            <returns></returns>
        </member>
        <member name="M:Tc.Gny.Framework.ORM.Linq.SqlServerWhereClauseVisitor.VisitUnaryExpression(System.Linq.Expressions.UnaryExpression)">
            <summary>
            解析一元表达式
            </summary>
            <param name="expression"></param>
            <returns></returns>
        </member>
        <member name="M:Tc.Gny.Framework.ORM.Linq.SqlServerWhereClauseVisitor.VisitParameterExpression(System.Linq.Expressions.ParameterExpression)">
            <summary>
            解析 Parameter 表达式
            </summary>
            <param name="expression"></param>
            <returns></returns>
        </member>
        <member name="M:Tc.Gny.Framework.ORM.Linq.SqlServerWhereClauseVisitor.ProcessStringLike(System.Linq.Expressions.MethodCallExpression,System.String,System.String)">
            <summary>
            处理针对字符串模糊查询的方法调用
            </summary>
            <param name="expression"></param>
            <param name="operator"></param>
            <param name="argument"></param>
        </member>
        <member name="M:Tc.Gny.Framework.ORM.Linq.SqlServerWhereClauseVisitor.ProcessStringIsNullOrEmpty(System.Linq.Expressions.MethodCallExpression,System.Boolean)">
            <summary>
            解析 IsNullOrEmpty 方法调用表达式
            </summary>
            <param name="expression"></param>
            <param name="notEquals"></param>
        </member>
        <member name="T:Tc.Gny.Framework.ORM.RaiseEvent">
            <summary>
            后期扩展
            </summary>
        </member>
        <member name="F:Tc.Gny.Framework.ORM.RaiseEvent.OnAddSuccess">
            <summary>
            当新增成功
            </summary>
        </member>
        <member name="F:Tc.Gny.Framework.ORM.RaiseEvent.OnUpdateSuccess">
            <summary>
            当更新成功
            </summary>
        </member>
        <member name="F:Tc.Gny.Framework.ORM.RaiseEvent.OnDeleteSuccess">
            <summary>
            当删除成功
            </summary>
        </member>
    </members>
</doc>
