<?xml version="1.0"?>
<doc>
    <assembly>
        <name>Tc.Gny.Framework.Core</name>
    </assembly>
    <members>
        <member name="M:Tc.Gny.Framework.Core.ApiData.ApiDataHelper.PostData(System.String,System.String,System.String)">
            <summary>
            上传数据
            </summary>
            <param name="url"></param>
            <param name="data"></param>
            <param name="contentType"></param>
            <returns></returns>
        </member>
        <member name="M:Tc.Gny.Framework.Core.ApiData.ApiDataHelper.GetData(System.String)">
            <summary>
            获取string 数据
            </summary>
            <param name="url"></param>
            <returns></returns>
        </member>
        <member name="M:Tc.Gny.Framework.Core.ApiData.ApiDataHelper.DownLoadFile(System.String,System.String)">
            <summary>
            下载文件
            </summary>
            <param name="url"></param>
            <param name="savePath"></param>
        </member>
        <member name="M:Tc.Gny.Framework.Core.ApiData.ApiDataHelper.UpLoadFile(System.String,System.String)">
            <summary>
            上传文件
            </summary>
            <param name="url"></param>
            <param name="filePath"></param>
        </member>
        <member name="M:Tc.Gny.Framework.Core.ApiData.ApiDataHelper.GetDataGZip(System.String,System.Int32)">
            <summary> 服务器端HTTP请求并进行压缩</summary>
            <param name="url"></param>
            <param name="timeout"></param>
            <returns></returns>
        </member>
        <member name="M:Tc.Gny.Framework.Core.Cache.ICacheHelper.Exists(System.String)">
            <summary>
            是否存在
            </summary>
            <param name="key"></param>
            <returns></returns>
        </member>
        <member name="M:Tc.Gny.Framework.Core.Cache.ICacheHelper.Get``1(System.String)">
            <summary>
            获取对象
            </summary>
            <typeparam name="T"></typeparam>
            <param name="key"></param>
            <returns></returns>
        </member>
        <member name="M:Tc.Gny.Framework.Core.Cache.ICacheHelper.Get(System.String)">
            <summary>
            获取对象
            </summary>
            <param name="key"></param>
            <returns></returns>
        </member>
        <member name="M:Tc.Gny.Framework.Core.Cache.ICacheHelper.GetAllKey">
             <summary>
            获取全部key
             </summary>
             <typeparam name="T"></typeparam>
             <param name="cacheKeyPrefix"></param>
             <returns></returns>
        </member>
        <member name="M:Tc.Gny.Framework.Core.Cache.ICacheHelper.GetAllKey(System.String)">
             <summary>
            获取这个前缀的全部key
             </summary>
             <typeparam name="T"></typeparam>
             <param name="cacheKeyPrefix"></param>
             <returns></returns>
        </member>
        <member name="M:Tc.Gny.Framework.Core.Cache.ICacheHelper.GetAll``1(System.String)">
            <summary>
            获取一系列对象
            </summary>
            <typeparam name="T"></typeparam>
            <param name="cacheKeyPrefix"></param>
            <returns></returns>
        </member>
        <member name="M:Tc.Gny.Framework.Core.Cache.ICacheHelper.GetListCount(System.String)">
            <summary>
            获取集合数量
            </summary>
            <param name="listId"></param>
            <returns></returns>
        </member>
        <member name="M:Tc.Gny.Framework.Core.Cache.ICacheHelper.GetHashLength(System.String)">
            <summary>
            获取hash数量
            </summary>
            <param name="listId"></param>
            <returns></returns>
        </member>
        <member name="M:Tc.Gny.Framework.Core.Cache.ICacheHelper.Set``1(System.String,``0)">
            <summary>
            添加对象
            </summary>
            <typeparam name="T"></typeparam>
            <param name="key"></param>
            <param name="value"></param>
            <returns></returns>
        </member>
        <member name="M:Tc.Gny.Framework.Core.Cache.ICacheHelper.Set``1(System.String,``0,System.Int32)">
            <summary>
            添加对象
            </summary>
            <typeparam name="T"></typeparam>
            <param name="key"></param>
            <param name="value"></param>
            <param name="minutes"></param>
            <returns></returns>
        </member>
        <member name="M:Tc.Gny.Framework.Core.Cache.ICacheHelper.Remove(System.String)">
            <summary>
            移除对象
            </summary>
            <param name="key"></param>
            <returns></returns>
        </member>
        <member name="M:Tc.Gny.Framework.Core.Cache.ICacheHelper.RemoveAll(System.String)">
            <summary>
            移除这个前缀的所有对象
            </summary>
            <param name="cacheKeyPrefix"></param>
        </member>
        <member name="M:Tc.Gny.Framework.Core.Cache.ICacheHelper.RemoveEntryFromHash(System.String,System.String)">
            <summary>
            从hash表中移除
            </summary>
            <param name="hashId"></param>
            <param name="key"></param>
            <returns></returns>
        </member>
        <member name="M:Tc.Gny.Framework.Core.Cache.ICacheHelper.RemoveAll(System.Collections.Generic.List{System.String})">
            <summary>
            移除所有对象
            </summary>
            <param name="keys"></param>
        </member>
        <member name="M:Tc.Gny.Framework.Core.Cache.ICacheHelper.FlushAll">
            <summary>
            全部删除
            </summary>
        </member>
        <member name="M:Tc.Gny.Framework.Core.Cache.ICacheHelper.Save">
            <summary>
            仅redis支持
            </summary>
        </member>
        <member name="M:Tc.Gny.Framework.Core.Cache.ICacheHelper.EnqueueItem(System.String,System.String)">
            <summary>
            使用队列处理item
            </summary>
            <param name="key"></param>
            <param name="val"></param>
        </member>
        <member name="M:Tc.Gny.Framework.Core.Cache.ICacheHelper.Increment(System.String,System.Int32)">
            <summary>
            对某个key增加相应的值
            </summary>
            <param name="key"></param>
            <param name="addVal"></param>
            <returns></returns>
        </member>
        <member name="F:Tc.Gny.Framework.Core.Cache.RedisHelper._ReadClientHosts">
            <summary>
            读数据Redis服务IP地址端口号
            </summary>
        </member>
        <member name="F:Tc.Gny.Framework.Core.Cache.RedisHelper._WriteClientHosts">
            <summary>
            写数据Redis服务IP地址端口号
            </summary>
        </member>
        <member name="F:Tc.Gny.Framework.Core.Cache.RedisHelper._RedisClientManager">
            <summary>
            RedisClient链接池管理
            </summary>
        </member>
        <member name="M:Tc.Gny.Framework.Core.Cache.RedisHelper.CreateManager(System.String[],System.String[])">
            <summary>
            创建缓存客户端链接池管理
            </summary>
            <param name="readWriteHosts">读写服务器Host</param>
            <param name="readOnlyHosts">只读数据库Host</param>
            <returns></returns>
        </member>
        <member name="M:Tc.Gny.Framework.Core.Cache.RedisHelper.GetReadClient">
            <summary>
            得到用于读取的客户端对象
            </summary>
            <returns>只读客户端对象</returns>
        </member>
        <member name="M:Tc.Gny.Framework.Core.Cache.RedisHelper.GetWriteClient">
            <summary>
            得到用于写入的客户端对象
            </summary>
            <returns></returns>
        </member>
        <member name="P:Tc.Gny.Framework.Core.Cache.RedisHelper.ReadClientHosts">
            <summary>
            读数据Redis服务IP地址端口号
            </summary>
        </member>
        <member name="P:Tc.Gny.Framework.Core.Cache.RedisHelper.WriteClientHosts">
            <summary>
            写数据Redis服务IP地址端口号
            </summary>
        </member>
        <member name="P:Tc.Gny.Framework.Core.Cache.RedisHelper.RedisClientManager">
            <summary>
            RedisClient链接池管理
            </summary>
        </member>
        <member name="M:Tc.Gny.Framework.Core.Common.ConfigSettingHelper.GetAppStr(System.String)">
            <summary>
            获取app
            </summary>
            <param name="name"></param>
            <returns></returns>
        </member>
        <member name="M:Tc.Gny.Framework.Core.Common.ConfigSettingHelper.GetAppStr``1(System.String)">
            <summary>
            获取app
            </summary>
            <param name="name"></param>
            <returns></returns>
        </member>
        <member name="M:Tc.Gny.Framework.Core.Common.ConfigSettingHelper.GetConnectionStr(System.String)">
            <summary>
            获取connectionstr
            </summary>
            <param name="name"></param>
            <returns></returns>
        </member>
        <member name="M:Tc.Gny.Framework.Core.Common.Cfg.GetAppStr(System.String)">
            <summary>
            获取app
            </summary>
            <param name="name"></param>
            <returns></returns>
        </member>
        <member name="M:Tc.Gny.Framework.Core.Common.Cfg.GetAppStr``1(System.String)">
            <summary>
            获取app
            </summary>
            <param name="name"></param>
            <returns></returns>
        </member>
        <member name="M:Tc.Gny.Framework.Core.Common.Cfg.GetConnectionStr(System.String)">
            <summary>
            获取connectionstr
            </summary>
            <param name="name"></param>
            <returns></returns>
        </member>
        <member name="T:Tc.Gny.Framework.Core.Common.TcCfg">
            <summary>
            同程配置
            </summary>
        </member>
        <member name="M:Tc.Gny.Framework.Core.Common.TcCfg.Get(System.String)">
            <summary>
            获取app
            </summary>
            <param name="name"></param>
            <returns></returns>
        </member>
        <member name="M:Tc.Gny.Framework.Core.Common.TcCfg.GetAppStr``1(System.String,``0)">
            <summary>
            获取app
            </summary>
            <param name="name"></param>
            <param name="defaultValue">默认值</param>
            <returns></returns>
        </member>
        <member name="F:Tc.Gny.Framework.Core.Common.ConstArgs.ConnStrName">
            <summary>
            通用连接字符串名称
            </summary>
        </member>
        <member name="F:Tc.Gny.Framework.Core.Common.ConstArgs.ReadConnStrName">
            <summary>
            只读连接字符串名称
            </summary>
        </member>
        <member name="F:Tc.Gny.Framework.Core.Common.ConstArgs.WriteConnStrName">
            <summary>
            只写连接字符串名称
            </summary>
        </member>
        <member name="F:Tc.Gny.Framework.Core.Common.ConstArgs.RedisReadServer">
            <summary>
            RedisServer 服务器配置 
            </summary>
        </member>
        <member name="F:Tc.Gny.Framework.Core.Common.ConstArgs.RedisWriteServer">
            <summary>
            RedisServer 服务器配置 
            </summary>
        </member>
        <member name="F:Tc.Gny.Framework.Core.Common.ConstArgs.MongoConnStr">
            <summary>
            mongo链接
            </summary>
        </member>
        <member name="F:Tc.Gny.Framework.Core.Common.ConstArgs.MongoDBName">
            <summary>
            当前mongo数据库的名字
            </summary>
        </member>
        <member name="T:Tc.Gny.Framework.Core.Common.ConvertHelper">
            <summary>
            数据格式转换帮助类
            </summary>
        </member>
        <member name="M:Tc.Gny.Framework.Core.Common.ConvertHelper.ToInt(System.String)">
            <summary>
            转换成int
            </summary>
            <param name="value"></param>
            <returns></returns>
        </member>
        <member name="M:Tc.Gny.Framework.Core.Common.ConvertHelper.ToLong(System.String)">
            <summary>
            转换成long
            </summary>
            <param name="value"></param>
            <returns></returns>
        </member>
        <member name="M:Tc.Gny.Framework.Core.Common.ConvertHelper.ToBool(System.String)">
            <summary>
            转换成bool
            </summary>
            <param name="value"></param>
            <returns></returns>
        </member>
        <member name="M:Tc.Gny.Framework.Core.Common.ConvertHelper.ToDateTime(System.String)">
            <summary>
            转换成DateTime
            </summary>
            <param name="value"></param>
            <returns></returns>
        </member>
        <member name="M:Tc.Gny.Framework.Core.Common.ConvertHelper.ToDecimal(System.String)">
            <summary>
            转换成decimal
            </summary>
            <param name="value"></param>
            <returns></returns>
        </member>
        <member name="M:Tc.Gny.Framework.Core.Common.ConvertHelper.ToGuid(System.String)">
            <summary>
            转换成Guid
            </summary>
            <param name="value"></param>
            <returns></returns>
        </member>
        <member name="M:Tc.Gny.Framework.Core.Common.ConvertHelper.IsNullOrEmpty(System.String)">
            <summary>
            空或无
            </summary>
            <param name="value"></param>
            <returns></returns>
        </member>
        <member name="M:Tc.Gny.Framework.Core.Common.ConvertHelper.ToBoolString(System.Boolean)">
            <summary>
            空或无
            </summary>
            <param name="value"></param>
            <returns></returns>
        </member>
        <member name="M:Tc.Gny.Framework.Core.Common.ConvertHelper.ToBeginTimeByOneDay(System.DateTime)">
            <summary>
            获取一天的开始时间
            </summary>
            <param name="value"></param>
            <returns></returns>
        </member>
        <member name="M:Tc.Gny.Framework.Core.Common.ConvertHelper.ToEndTimeByOneDay(System.DateTime)">
            <summary>
            获取一天的结束时间
            </summary>
            <param name="value"></param>
            <returns></returns>
        </member>
        <member name="M:Tc.Gny.Framework.Core.Common.ConvertHelper.ToYYYYMMDDHHmmssString(System.DateTime)">
            <summary>
            空或无
            </summary>
            <param name="value"></param>
            <returns></returns>
        </member>
        <member name="M:Tc.Gny.Framework.Core.Common.ConvertHelper.ToEnumString(System.Enum)">
            <summary>
            空或无
            </summary>
            <param name="enumValue"></param>
            <returns></returns>
        </member>
        <member name="M:Tc.Gny.Framework.Core.Common.ConvertHelper.ToExpando``1(System.Collections.Generic.IEnumerable{``0})">
            <summary>
            转换为可访问的动态类型
            </summary>
            <typeparam name="T"></typeparam>
            <param name="anonymousList"></param>
            <returns></returns>
        </member>
        <member name="M:Tc.Gny.Framework.Core.Common.ConvertHelper.ConvertDateTimeInt(System.DateTime)">
            <summary>
            DateTime时间格式转换为Unix时间戳格式
            </summary>
            <param name="time"> DateTime时间格式</param>
            <returns>Unix时间戳格式</returns>
        </member>
        <member name="M:Tc.Gny.Framework.Core.Common.ExpressionHelper.SetArgument(System.String,System.String)">
            <summary>
            设置参数
            </summary>
            <param name="name"></param>
            <param name="value"></param>
            <returns></returns>
        </member>
        <member name="M:Tc.Gny.Framework.Core.Common.ExpressionHelper.GetOperator(System.Linq.Expressions.ExpressionType)">
            <summary>
            根据条件生成对应的sql查询操作符
            </summary>
            <param name="expressiontype"></param>
            <returns></returns>
        </member>
        <member name="M:Tc.Gny.Framework.Core.Common.ExpressionHelper.ResolveExpression(System.Linq.Expressions.Expression)">
            <summary>
            解析表达式
            </summary>
            <param name="expression"></param>
        </member>
        <member name="M:Tc.Gny.Framework.Core.Common.ExpressionHelper.ResolveExpression(System.Linq.Expressions.Expression,System.String)">
            <summary>
            解析表达式
            </summary>
            <param name="expression"></param>
        </member>
        <member name="M:Tc.Gny.Framework.Core.Common.ExpressionHelper.Like(System.Linq.Expressions.MethodCallExpression)">
            <summary>
            模糊查询
            </summary>
            <param name="expression"></param>
            <returns></returns>
        </member>
        <member name="M:Tc.Gny.Framework.Core.Common.ExpressionHelper.In(System.Linq.Expressions.MethodCallExpression,System.Object)">
            <summary>
            包含比较
            </summary>
            <param name="expression"></param>
            <param name="isTrue"></param>
            <returns></returns>
        </member>
        <member name="M:Tc.Gny.Framework.Core.Common.ExpressionHelper.Len(System.Linq.Expressions.MethodCallExpression,System.Object,System.Linq.Expressions.ExpressionType)">
            <summary>
            长度比较
            </summary>
            <param name="expression"></param>
            <param name="value"></param>
            <param name="expressiontype"></param>
            <returns></returns>
        </member>
        <member name="M:Tc.Gny.Framework.Core.Common.ExtFunc.SaveToLocalPath(System.Object,System.String,System.String,System.String,System.Object,System.String)">
            <summary>
            obj 对象日志记录
            </summary>
            <param name="obj"></param>
            <param name="dirpath">日志存放文件夹</param>
            <param name="name">对象名称</param>
            <param name="ext">日志文件后缀名</param>
            <param name="key">对象主键 可为空</param>
            <param name="appKey">appsetting里面获取是否记录的键，为空则记录,为0 则不记录</param>
        </member>
        <member name="M:Tc.Gny.Framework.Core.Common.ExtFunc.GetErrorMessage(System.Exception)">
            <summary>
            获取异常的描述消息
            </summary>
            <param name="ex"></param>
            <returns></returns>
        </member>
        <member name="T:Tc.Gny.Framework.Core.Common.Rmb">
            <summary> 
            Rmb 的摘要说明。 
            </summary> 
        </member>
        <member name="M:Tc.Gny.Framework.Core.Common.Rmb.CmycurD(System.Decimal)">
            <summary> 
            转换人民币大小金额 
            </summary> 
            <param name="num">金额</param> 
            <returns>返回大写形式</returns> 
        </member>
        <member name="M:Tc.Gny.Framework.Core.Common.Rmb.CmycurD(System.String)">
            
            <summary> 
            一个重载，将字符串先转换成数字在调用CmycurD(decimal num) 
            </summary> 
            <param name="num">用户输入的金额，字符串形式未转成decimal</param> 
            <returns></returns> 
        </member>
        <member name="M:Tc.Gny.Framework.Core.Common.Win32.AllocConsole">
            <summary>
            启动控制台
            </summary>
            <returns></returns>
        </member>
        <member name="M:Tc.Gny.Framework.Core.Common.Win32.FreeConsole">
            <summary>
            释放控制台
            </summary>
            <returns></returns>
        </member>
        <member name="M:Tc.Gny.Framework.Core.Cookie.CookieHelper.ClearCookie(System.String)">
            <summary>
            清除指定Cookie
            </summary>
            <param name="cookiename">cookiename</param>
        </member>
        <member name="M:Tc.Gny.Framework.Core.Cookie.CookieHelper.GetCookieValue(System.String)">
            <summary>
            获取指定Cookie值
            </summary>
            <param name="cookiename">cookiename</param>
            <returns></returns>
        </member>
        <member name="M:Tc.Gny.Framework.Core.Cookie.CookieHelper.SetCookie(System.String,System.String)">
            <summary>
            添加一个Cookie（24小时过期）
            </summary>
            <param name="cookiename"></param>
            <param name="cookievalue"></param>
        </member>
        <member name="M:Tc.Gny.Framework.Core.Cookie.CookieHelper.SetCookie(System.String,System.String,System.DateTime)">
            <summary>
            添加一个Cookie
            </summary>
            <param name="cookiename">cookie名</param>
            <param name="cookievalue">cookie值</param>
            <param name="expires">过期时间 DateTime</param>
        </member>
        <member name="M:Tc.Gny.Framework.Core.Cookie.CookieHelper.SetCookie(System.String,System.String,System.String,System.DateTime)">
            <summary>
            添加一个Cookie
            </summary>
            <param name="cookiename">cookie名</param>
            <param name="cookievalue">cookie值</param>
            <param name="expires">过期时间 DateTime</param>
        </member>
        <member name="M:Tc.Gny.Framework.Core.Export.ExportExcel.RenderDataTableToMs(System.Data.DataTable)">
            <summary>
            
            </summary>
            <param name="sourceTable"></param>
            <returns></returns>
        </member>
        <member name="M:Tc.Gny.Framework.Core.Export.ExportExcel.ExportByWeb(System.Data.DataTable,System.String)">
            <summary>
            用于Web导出
            </summary>
            <param name="dtSource">源DataTable</param>
            <param name="strFileName">文件名</param>
        </member>
        <member name="M:Tc.Gny.Framework.Core.Export.ExportExcel.RenderDataTableToExcel(System.Data.DataTable)">
            <summary>
            生成excel流
            </summary>
            <param name="sourceTable"></param>
            <returns></returns>
        </member>
        <member name="M:Tc.Gny.Framework.Core.Export.ExportExcel.RenderDataTableFromExcel(System.IO.Stream,System.String,System.Int32)">
            <summary>
            excel
            导入
            </summary>
            <param name="ExcelFileStream"></param>
            <param name="SheetName"></param>
            <param name="HeaderRowIndex"></param>
            <returns></returns>
        </member>
        <member name="M:Tc.Gny.Framework.Core.Export.ExportExcel.RenderDataTableFromExcel(System.IO.Stream,System.Int32,System.Int32)">
            <summary>
            获取dt
            </summary>
            <param name="ExcelFileStream"></param>
            <param name="SheetIndex"></param>
            <param name="HeaderRowIndex"></param>
            <returns></returns>
        </member>
        <member name="M:Tc.Gny.Framework.Core.Export.ExportExcel.RenderDataTableFromExcel(System.String)">
            <summary>读取excel
            默认第一行为标头
            </summary>
            <param name="path">excel文档路径</param>
            <returns></returns>
        </member>
        <member name="M:Tc.Gny.Framework.Core.Html.HtmlHelper.NoHTML(System.String)">
            <summary>
            去除HTML标记
            </summary>
            <param name="NoHTML">包括HTML的源码 </param>
            <returns>已经去除后的文字</returns>
        </member>
        <member name="M:Tc.Gny.Framework.Core.Image.ImageHelper.ConvertImage(System.String,System.String)">
            <summary>
            图片格式转换
            </summary>
            <param name="OriFilename">原始文件相对路径</param>
            <param name="DesiredFilename">生成目标文件相对路径</param>
            <returns></returns>
             JPG采用的是有损压缩所以JPG图像有可能会降低图像清晰度，而像素是不会降低的   
             GIF采用的是无损压缩所以GIF图像是不会降低原图图像清晰度和像素的，但是GIF格式只支持256色图像。
        </member>
        <member name="M:Tc.Gny.Framework.Core.Image.ImageHelper.ChangeImageSize(System.String,System.String,System.Int32,System.Int32,System.Drawing.Imaging.ImageFormat)">
            <summary>
            图片固定大小缩放
            </summary>
            <param name="OriFileName">源文件相对地址</param>
            <param name="DesiredFilename">目标文件相对地址</param>
            <param name="IntWidth">目标文件宽</param>
            <param name="IntHeight">目标文件高</param>
            <param name="imageFormat">图片文件格式</param>
        </member>
        <member name="M:Tc.Gny.Framework.Core.Image.ImageHelper.ImageWaterText(System.String,System.String,System.String)">
            <summary>
            文字水印
            </summary>
            <param name="wtext">水印文字</param>
            <param name="source">原图片物理文件名</param>
            <param name="target">生成图片物理文件名</param>
        </member>
        <member name="M:Tc.Gny.Framework.Core.Image.ImageHelper.ImageWaterPic(System.String,System.String,System.String)">
            <summary>
            在图片上生成图片水印
            </summary>
            <param name="Path">原服务器图片路径</param>
            <param name="Path_syp">生成的带图片水印的图片路径</param>
            <param name="Path_sypf">水印图片路径</param>
        </member>
        <member name="M:Tc.Gny.Framework.Core.Image.ImageHelper.WebPathTran(System.String)">
            <summary>
            路径转换（转换成绝对路径）
            </summary>
            <param name="path"></param>
            <returns></returns>
        </member>
        <member name="M:Tc.Gny.Framework.Core.Image.ImageHelper.MakeThumbnail(System.String,System.String,System.Int32,System.Int32,System.String,System.String)">
            <summary>
            通用缩略图
            </summary>
            <param name="originalImagePath"></param>
            <param name="thumbnailPath"></param>
            <param name="width"></param>
            <param name="height"></param>
            <param name="mode"></param>
            <param name="type"></param>
        </member>
        <member name="M:Tc.Gny.Framework.Core.Json.JsonHelper.SerializeObject(System.Object)">
            <summary>
            序列化json
            </summary>
            <param name="obj"></param>
            <returns></returns>
        </member>
        <member name="M:Tc.Gny.Framework.Core.Json.JsonHelper.SerializeObject(System.Object,Newtonsoft.Json.JsonConverter[])">
            <summary>
            序列化json
            </summary>
            <param name="obj"></param>
            <returns></returns>
        </member>
        <member name="M:Tc.Gny.Framework.Core.Json.JsonHelper.DeserializeObject``1(System.String)">
            <summary>
            反序列化json
            </summary>
            <typeparam name="T"></typeparam>
            <param name="json"></param>
            <returns></returns>
        </member>
        <member name="T:Tc.Gny.Framework.Core.Log.DataChangeLog">
            <summary>
            操作数据变更日志
            </summary>
        </member>
        <member name="M:Tc.Gny.Framework.Core.Log.DataChangeLog.Add(Tc.Gny.Framework.Core.Log.ValueLog)">
            <summary>
            添加日志
            </summary>
            <param name="log"></param>
        </member>
        <member name="P:Tc.Gny.Framework.Core.Log.DataChangeLog.OperObjName">
            <summary>
            操作模块名称
            </summary>
        </member>
        <member name="P:Tc.Gny.Framework.Core.Log.DataChangeLog.ValueLogs">
            <summary>
            数据变更日志
            </summary>
        </member>
        <member name="P:Tc.Gny.Framework.Core.Log.DataChangeLog.OperID">
            <summary>
            模块主键
            </summary>
        </member>
        <member name="P:Tc.Gny.Framework.Core.Log.DataChangeLog.OperUser">
            <summary>
            操作人
            </summary>
        </member>
        <member name="P:Tc.Gny.Framework.Core.Log.DataChangeLog.OperDate">
            <summary>
            操作日期
            </summary>
        </member>
        <member name="P:Tc.Gny.Framework.Core.Log.ValueLog.Name">
            <summary>
            字段名
            </summary>
        </member>
        <member name="P:Tc.Gny.Framework.Core.Log.ValueLog.CNName">
            <summary>
            中文名
            </summary>
        </member>
        <!-- 对于成员“M:Tc.Gny.Framework.Core.Log.IDbLog.Add``1(``0)”忽略有格式错误的 XML 注释 -->
        <member name="M:Tc.Gny.Framework.Core.Log.IDbLog.AddDataLog(Tc.Gny.Framework.Core.Log.DataChangeLog)">
            <summary>
            添加数据变更日志
            </summary>
            <param name="log"></param>
        </member>
        <member name="M:Tc.Gny.Framework.Core.Log.IDbLog.AddViewLog(Tc.Gny.Framework.Core.Log.ViewLog)">
            <summary>
            添加浏览日志
            </summary>
            <param name="log"></param>
        </member>
        <member name="M:Tc.Gny.Framework.Core.Log.IDbLog.AddPerformanceLog(Tc.Gny.Framework.Core.Log.PerformanceLog)">
            <summary>
            添加性能监测日志
            </summary>
            <param name="log"></param>
        </member>
        <member name="M:Tc.Gny.Framework.Core.Log.LogHelper.Info(System.String)">
            <summary>
            记录信息日志
            </summary>
            <param name="msg"></param>
        </member>
        <member name="M:Tc.Gny.Framework.Core.Log.LogHelper.Error(System.String)">
            <summary>
            记录错误日志
            </summary>
            <param name="msg"></param>
        </member>
        <member name="M:Tc.Gny.Framework.Core.Log.LogHelper.Debug(System.String)">
            <summary>
            记录调试日志
            </summary>
            <param name="msg"></param>
        </member>
        <member name="P:Tc.Gny.Framework.Core.Log.LogHelper.Instance">
            <summary>
            初始化
            </summary>
            <returns></returns>
        </member>
        <member name="T:Tc.Gny.Framework.Core.Log.ViewLog">
            <summary>
            页面浏览日志
            </summary>
        </member>
        <member name="P:Tc.Gny.Framework.Core.Log.ViewLog.Controller">
            <summary>
            浏览控制
            </summary>
        </member>
        <member name="P:Tc.Gny.Framework.Core.Log.ViewLog.Action">
            <summary>
            action
            </summary>
        </member>
        <member name="P:Tc.Gny.Framework.Core.Log.ViewLog.Para">
            <summary>
            浏览url
            </summary>
        </member>
        <member name="P:Tc.Gny.Framework.Core.Log.ViewLog.Name">
            <summary>
            浏览名称
            </summary>
        </member>
        <member name="P:Tc.Gny.Framework.Core.Log.ViewLog.Operation">
            <summary>
            执行的操作
            </summary>
        </member>
        <member name="M:Tc.Gny.Framework.Core.Mail.MailHelper.SendMail(System.String,System.String,System.String,TCSmartFramework.CommonInterface.CommonEmail.EmailType,TCSmartFramework.CommonInterface.CommonEmail.Priority)">
            <summary>
            发送邮件
            </summary>
            <param name="emailTo">发送给谁（邮件地址）,分隔</param>
            <param name="subject">标题</param>
            <param name="body">内容</param>
            <returns></returns>
        </member>
        <member name="M:Tc.Gny.Framework.Core.MEF.ContainerHelper.GetExport``1(System.String,System.String)">
            <summary>
            返回具有指定的协定名称的导出
            </summary>
            <typeparam name="T"></typeparam>
            <param name="searchPattern">搜索字符串</param>
            <param name="contractName">协定名称</param>
            <returns></returns>
        </member>
        <member name="M:Tc.Gny.Framework.Core.Reflection.EnumHelper.GetEnumDescription(System.Enum)">
            <summary>
            根据枚举获取数据
            </summary>
            <param name="enumValue"></param>
            <returns></returns>
        </member>
        <member name="M:Tc.Gny.Framework.Core.Reflection.EnumHelper.GetEnumModels``1(System.Int32,System.Int32)">
            <summary>
            index 为0 获取全部 为页数 获取相关页
            </summary>
            <typeparam name="T"></typeparam>
            <param name="index"></param>
            <param name="size"></param>
            <returns></returns>
        </member>
        <member name="F:Tc.Gny.Framework.Core.Security.Encypt.DESKey">
            <summary>
            32位Key值：
            </summary>
        </member>
        <member name="M:Tc.Gny.Framework.Core.Security.Encypt.DESEncrypt(System.String)">
            <summary>
            DES加密
            </summary>
            <param name="strSource">待加密字串</param>
            <returns>加密后的字符串</returns>
        </member>
        <member name="M:Tc.Gny.Framework.Core.Security.Encypt.DESEncrypt(System.String,System.Byte[])">
            <summary>
            DES加密
            </summary>
            <param name="strSource">待加密字串</param>
            <param name="key">Key值</param>
            <returns>加密后的字符串</returns>
        </member>
        <member name="M:Tc.Gny.Framework.Core.Security.Encypt.DESDecrypt(System.String)">
            <summary>
            DES解密
            </summary>
            <param name="strSource">待解密的字串</param>
            <returns>解密后的字符串</returns>
        </member>
        <member name="M:Tc.Gny.Framework.Core.Security.Encypt.DESDecrypt(System.String,System.Byte[])">
            <summary>
            DES解密
            </summary>
            <param name="strSource">待解密的字串</param>
            <param name="key">32位Key值</param>
            <returns>解密后的字符串</returns>
        </member>
        <member name="M:Tc.Gny.Framework.Core.Security.Encypt.MD5(System.String)">
            <summary>
            MD5函数,需引用：using System.Security.Cryptography;
            </summary>
            <param name="str">原始字符串</param>
            <returns>MD5结果</returns>
        </member>
        <member name="M:Tc.Gny.Framework.Core.Security.Encypt.MD5By32Bit(System.String,System.Boolean)">
            <summary>
            MD5 32位加密
            </summary>
            <param name="input">明文</param>
            <param name="isLower">密文是否小写</param>
            <returns></returns>
        </member>
        <member name="M:Tc.Gny.Framework.Core.Security.Encypt.SHA256(System.String)">
            <summary>
            SHA256函数
            </summary>
            /// <param name="str">原始字符串</param>
            <returns>SHA256结果</returns>
        </member>
        <member name="M:Tc.Gny.Framework.Core.Security.Symmetric.#ctor">
            <summary>   
            对称加密类的构造函数   
            </summary>   
        </member>
        <member name="M:Tc.Gny.Framework.Core.Security.Symmetric.GetLegalKey">
            <summary>   
            获得密钥   
            </summary>   
            <returns>密钥</returns>   
        </member>
        <member name="M:Tc.Gny.Framework.Core.Security.Symmetric.GetLegalIV">
            <summary>   
            获得初始向量IV   
            </summary>   
            <returns>初试向量IV</returns>   
        </member>
        <member name="M:Tc.Gny.Framework.Core.Security.Symmetric.Encrypto(System.String)">
            <summary>   
            加密方法   
            </summary>   
            <param name="Source">待加密的串</param>   
            <returns>经过加密的串</returns>   
        </member>
        <member name="M:Tc.Gny.Framework.Core.Security.Symmetric.Decrypto(System.String)">
            <summary>   
            解密方法   
            </summary>   
            <param name="Source">待解密的串</param>   
            <returns>经过解密的串</returns>   
        </member>
        <member name="M:Tc.Gny.Framework.Core.Session.CacheSessionHelper.Add(System.String,System.Object,System.Int32)">
            <summary>
            添加过期20
            </summary>
            <param name="key"></param>
            <param name="value"></param>
            <param name="timeOut"></param>
        </member>
        <member name="M:Tc.Gny.Framework.Core.Session.CacheSessionHelper.ReleaseObj(System.String)">
            <summary>
            处理session对象
            </summary>
            <param name="key"></param>
            <returns></returns>
        </member>
        <member name="M:Tc.Gny.Framework.Core.Session.ISessionProvider.AddSession(System.String,System.Object)">
            <summary>
            新增session
            </summary>
            <param name="key"></param>
            <param name="value"></param>
            <returns></returns>
        </member>
        <member name="M:Tc.Gny.Framework.Core.Session.ISessionProvider.AddSession(System.String,System.Object,System.Int32)">
            <summary>
            添加session
            </summary>
            <param name="key"></param>
            <param name="value"></param>
            <param name="timeOut"></param>
            <returns></returns>
        </member>
        <member name="M:Tc.Gny.Framework.Core.Session.ISessionProvider.GetSession``1(System.String)">
            <summary>
            获取session
            </summary>
            <typeparam name="T"></typeparam>
            <param name="key"></param>
            <returns></returns>
        </member>
        <member name="M:Tc.Gny.Framework.Core.Xml.XmlHelper.Serialize``1(``0)">
            <summary>
            序列化xml
            </summary>
            <typeparam name="T"></typeparam>
            <param name="o"></param>
            <returns></returns>
        </member>
        <member name="M:Tc.Gny.Framework.Core.Xml.XmlHelper.Serialize``1(``0,System.Text.Encoding)">
            <summary>
            序列化xml
            </summary>
            <typeparam name="T"></typeparam>
            <param name="o"></param>
            <param name="encoding"></param>
            <returns></returns>
        </member>
        <member name="M:Tc.Gny.Framework.Core.Xml.XmlHelper.DeSerialize``1(System.String)">
            <summary>
            反序列化xml
            </summary>
            <typeparam name="T"></typeparam>
            <param name="xml"></param>
            <returns></returns>
        </member>
    </members>
</doc>
