<?xml version="1.0"?>
<doc>
    <assembly>
        <name>TCBase.Cache.Client</name>
    </assembly>
    <members>
        <member name="T:TCBase.Cache.CacheClient">
            <summary>
            公共缓存类
            </summary>
        </member>
        <member name="M:TCBase.Cache.CacheClient.#ctor(System.String)">
            <summary>
            创建新的缓存客户端
            </summary>
            <param name="name">客户端名称-由公共分配</param>
        </member>
        <member name="M:TCBase.Cache.CacheClient.#ctor(System.String,System.Boolean)">
            <summary>
            创建新的缓存客户端
            </summary>
            <param name="name">客户端名称-由公共分配</param>
            <param name="needThrowException">当缓存出现问题时是否要抛出异常,默认为不抛出,而返回false,如果需要抛出异常的话,请做好完善的异常处理,以免程序崩溃</param>
        </member>
        <member name="M:TCBase.Cache.CacheClient.#ctor(System.String,System.String,System.Boolean)">
            <summary>
            创建新的缓存客户端
            </summary>
            <param name="projectName">项目标示</param>
            <param name="name">客户端名称-由公共分配</param>
            <param name="needThrowException">当缓存出现问题时是否要抛出异常,默认为不抛出,而返回false,如果需要抛出异常的话,请做好完善的异常处理,以免程序崩溃</param>
        </member>
        <member name="M:TCBase.Cache.CacheClient.ExistsKey(System.String)">
            <summary>
            判断记录是否存在
            http://redisdoc.com/key/exists.html
            </summary>
            <param name="key">要判断的key</param>
            <returns>是否存在</returns>
        </member>
        <member name="M:TCBase.Cache.CacheClient.ExpireKey(System.String,System.Int32)">
            <summary>
            设置key的过期时间
            http://redisdoc.com/key/expire.html
            </summary>
            <param name="key">要设置过期时间的key</param>
            /// <param name="expireTime">过期时间,单位为秒,默认为1200秒</param>
            <returns>设置是否成功,当前无论key是否存在,只要redis命令执行成功,都是返回true</returns>
        </member>
        <member name="M:TCBase.Cache.CacheClient.DeleteKey(System.String)">
            <summary>
            删除一个key
            http://redisdoc.com/key/del.html
            </summary>
            <param name="key">键</param>
            <returns>删除是否成功,当前无论key是否存在,只要redis命令执行成功,都是返回true</returns>
        </member>
        <member name="M:TCBase.Cache.CacheClient.FlushDatabase">
            <summary>
            清空redis内的数据,请谨慎使用,不要尝试在分片模式中使用,分片模式中使用多个Redis,无法同时清除数据
            http://redisdoc.com/server/flushdb.html
            </summary>
            <returns>是否清除成功,当前无论database是否存在,只要redis命令执行成功,都是返回true</returns>
        </member>
        <member name="M:TCBase.Cache.CacheClient.TTL(System.String)">
            <summary>
            获取key的过期时间
            </summary>
            <param name="key">键值</param>
            <returns>离过期还剩的秒数</returns>
        </member>
        <member name="M:TCBase.Cache.CacheClient.Decrement(System.String,System.Int64)">
            <summary>
            根据键递减值
            http://redisdoc.com/string/decrby.html
            </summary>
            <param name="value">减少的值,默认为1</param>
            <param name="key">键</param>
            <returns>返回减去之后的值,如果执行失败,返回long.MinValue或抛出异常(如果开启异常抛出的话)</returns>
        </member>
        <member name="M:TCBase.Cache.CacheClient.HashDecrement(System.String,System.String,System.Int64)">
            <summary>
            根据Hash键递减值
            http://redisdoc.com/hash/hincrby.html
            </summary>
            <param name="value">减少的值,默认为1</param>
            <param name="key">键</param>
             /// <param name="field">字段名称</param>
            <returns>返回减去之后的值,如果执行失败,返回long.MinValue或抛出异常(如果开启异常抛出的话)</returns>
        </member>
        <member name="M:TCBase.Cache.CacheClient.Increment(System.String,System.Int64)">
            <summary>
            根据键递增Hash值
            http://redisdoc.com/string/incrby.html
            </summary>
            <param name="value">递增的值</param>
            <param name="key">键</param>
            <returns>递增之后的结果,如果执行失败,返回long.MinValue或抛出异常(已经开启异常抛出)</returns>
        </member>
        <member name="M:TCBase.Cache.CacheClient.HashIncrement(System.String,System.String,System.Int64)">
            <summary>
            根据键递增Hash值
            http://redisdoc.com/string/incrby.html
            </summary>
            <param name="value">递增的值</param>
            /// <param name="field">递增的值</param>
            <param name="key">键</param>
            <returns>递增之后的结果,如果执行失败,返回long.MinValue或抛出异常(已经开启异常抛出)</returns>
        </member>
        <member name="M:TCBase.Cache.CacheClient.ExistItemFromHash(System.String,System.String)">
            <summary>
            散列类型，判断字段是否存在
            http://redisdoc.com/hash/hexists.html
            </summary>
            <param name="key">键</param>
            <param name="field">字段</param>
            <returns>是否存在</returns>
        </member>
        <member name="M:TCBase.Cache.CacheClient.DeleteItemFromHash(System.String,System.String,System.Int32)">
            <summary>
            散列类型，删除字段
            /// http://redisdoc.com/hash/hdel.html
            </summary>
            <param name="key">键</param>
            <param name="field">字段</param>
            /// <param name="expireTime">过期时间,单位为秒,默认1200s</param>
            <returns>删除是否成功,当前无论key是否存在,只要redis命令执行成功,都是返回true</returns>
        </member>
        <member name="M:TCBase.Cache.CacheClient.SetItemToHash``1(System.String,System.String,``0,System.Int32)">
            <summary>
            散列类型，设置对象类型字段值，如果不存在，添加新字段
             http://redisdoc.com/hash/hset.html
            </summary>
            <typeparam name="T">对象类型</typeparam>
            <param name="key">键</param>
            <param name="field">字段</param>
            <param name="value">对象</param>
            <param name="expireTime">过期时间,单位为秒,默认1200s</param>
            <returns>设置是否成功,当前无论key是否存在,只要redis命令执行成功,都是返回true</returns>
        </member>
        <member name="M:TCBase.Cache.CacheClient.SetItemToHash(System.String,System.String,System.String,System.Int32)">
            <summary>
            散列类型，设置对象类型字段值，如果不存在，添加新字段
             http://redisdoc.com/hash/hset.html
            </summary>
            <param name="key">键</param>
            <param name="field">字段</param>
            <param name="value">字符串</param>
            <param name="expireTime">过期时间,单位为秒,默认1200s</param>
            <returns>设置是否成功,当前无论key是否存在,只要redis命令执行成功,都是返回true</returns>
        </member>
        <member name="M:TCBase.Cache.CacheClient.GetHashLength(System.String)">
            <summary>
            获得hash内field的数量
            http://redisdoc.com/hash/hlen.html
            </summary>
            <param name="key">键值</param>
            <returns>hash的数量</returns>
        </member>
        <member name="M:TCBase.Cache.CacheClient.SetItemToHash(System.String,System.String,System.Byte[],System.Int32)">
            <summary>
            散列类型，设置对象类型字段值，如果不存在，添加新字段
             http://redisdoc.com/hash/hset.html
            </summary>
            <param name="key">键</param>
            <param name="field">字段</param>
            <param name="value">过期时间,单位为秒,默认1200s</param>
            <param name="expireTime">对象</param>
            <returns>设置是否成功,当前无论key是否存在,只要redis命令执行成功,都是返回true</returns>
        </member>
        <member name="M:TCBase.Cache.CacheClient.GetItemFromHash``1(System.String,System.String)">
            <summary>
            散列类型，根据键和字段，获取散列类型字段值中存储的对象
            http://redisdoc.com/hash/hget.html
            </summary>
            <typeparam name="T">对象类型</typeparam>
            <param name="key">键</param>
            <param name="field">字段</param>
            <returns>获取的对象</returns>
        </member>
        <member name="M:TCBase.Cache.CacheClient.GetItemFromHashByByte(System.String,System.String)">
            <summary>
            散列类型，根据键和字段，获取散列类型字段值中存储的数据
            http://redisdoc.com/hash/hget.html
            </summary>
            <param name="key">键</param>
            <param name="field">字段</param>
            <returns>获取的数据</returns>
        </member>
        <member name="M:TCBase.Cache.CacheClient.GetItemFromHash(System.String,System.String)">
            <summary>
            散列类型，根据键和字段，获取散列类型字段值中存储的数据
            http://redisdoc.com/hash/hget.html
            </summary>
            <param name="key">键</param>
            <param name="field">字段</param>
            <returns>获取的数据</returns>
        </member>
        <member name="M:TCBase.Cache.CacheClient.GetAllItemFromHash``1(System.String)">
            <summary>
            散列类型，根据键获取所有对象
            http://redisdoc.com/hash/hgetall.html
            </summary>
            <typeparam name="T">对象类型</typeparam>
            <param name="key">键</param>
            <returns>获取的所有对象</returns>
        </member>
        <member name="M:TCBase.Cache.CacheClient.GetAllItemFromHashByByte(System.String)">
            <summary>
            散列类型，根据键获取所有数据
            http://redisdoc.com/hash/hgetall.html
            </summary>
            <param name="key">键</param>
            <returns>获取的所有数据</returns>
        </member>
        <member name="M:TCBase.Cache.CacheClient.GetAllItemFromHash(System.String)">
            <summary>
            散列类型，根据键获取所有字段值
            http://redisdoc.com/hash/hgetall.html
            </summary>
            <param name="key">键</param>
            <returns>获取的字段值</returns>
        </member>
        <member name="M:TCBase.Cache.CacheClient.GetAllFieldFromHash(System.String)">
            <summary>
            散列类型，根据键获取所有字段
            http://redisdoc.com/hash/hkeys.html
            </summary>
            <param name="key">键</param>
            <returns>获取的字段值</returns>
        </member>
        <member name="M:TCBase.Cache.CacheClient.PushItemToList``1(System.String,``0,TCBase.Cache.ListPosition,System.Int32)">
            <summary>
            列表类型，将对象存入列表,可以指定插入的位置(从头部插入或者从尾部插入)
             http://redisdoc.com/hash/lpush.html
            http://redisdoc.com/hash/rpush.html
            </summary>
            <typeparam name="T">对象类型</typeparam>
            <param name="key">键</param>
            <param name="value">对象</param>
            <param name="position">添加元素的方向</param>
            <param name="expireTime">超时时间</param>
            <returns>列表中元素个数</returns>
        </member>
        <member name="M:TCBase.Cache.CacheClient.PushItemToList(System.String,System.String,TCBase.Cache.ListPosition,System.Int32)">
            <summary>
            列表类型，将数据存入列表,可以指定插入的位置(从头部插入或者从尾部插入)
             http://redisdoc.com/hash/lpush.html
            http://redisdoc.com/hash/rpush.html
            </summary>
            <param name="key">键</param>
            <param name="value">数据</param>
            <param name="position">添加元素的方向</param>
            <param name="expireTime">超时时间</param>
            <returns>列表中元素个数</returns>
        </member>
        <member name="M:TCBase.Cache.CacheClient.PushItemToList(System.String,System.Byte[],TCBase.Cache.ListPosition,System.Int32)">
            <summary>
            列表类型，将对象存入列表,可以指定插入的位置(从头部插入或者从尾部插入)
             http://redisdoc.com/hash/lpush.html
            http://redisdoc.com/hash/rpush.html
            </summary>
            <param name="key">键</param>
            <param name="value">数据</param>
            <param name="position">添加元素的方向</param>
            <param name="expireTime">超时时间</param>
            <returns>列表中元素个数</returns>
        </member>
        <member name="M:TCBase.Cache.CacheClient.PushItemsToList``1(System.String,``0[],TCBase.Cache.ListPosition,System.Int32)">
            <summary>
            列表类型，将一组对象存入列表
             http://redisdoc.com/hash/lpush.html
            http://redisdoc.com/hash/rpush.html
            </summary>
            <typeparam name="T">对象类型</typeparam>
            <param name="key">键</param>
            <param name="objArray">要放入的对象列表</param>
            <param name="position">添加元素的方向</param>
            <param name="expireTime">超时时间</param>
            <returns>列表中元素个数</returns>
        </member>
        <member name="M:TCBase.Cache.CacheClient.PopItemFromList``1(System.String,TCBase.Cache.ListPosition,System.Int32)">
            <summary>
            列表类型，从列表中弹出一个对象
            http://redisdoc.com/hash/rpop.html
            http://redisdoc.com/hash/lpop.html
            </summary>
            <typeparam name="T">对象类型</typeparam>
            <param name="key">键</param>
            <param name="position">弹出的方向</param>
            /// <param name="expireTime">过期时间</param>
            <returns>被弹出的对象</returns>
        </member>
        <member name="M:TCBase.Cache.CacheClient.PopItemFromListByByte(System.String,TCBase.Cache.ListPosition,System.Int32)">
            <summary>
            列表类型，从列表中弹出一个对象
            http://redisdoc.com/hash/rpop.html
            http://redisdoc.com/hash/lpop.html
            </summary>
            <param name="key">键</param>
            <param name="position">弹出的方向</param>
            /// <param name="expireTime">过期时间</param>
            <returns>被弹出的对象</returns>
        </member>
        <member name="M:TCBase.Cache.CacheClient.PopItemFromList(System.String,TCBase.Cache.ListPosition,System.Int32)">
            <summary>
            列表类型，从列表中弹出一个元素
            http://redisdoc.com/hash/rpop.html
            http://redisdoc.com/hash/lpop.html
            </summary>
            <param name="key">键</param>
            <param name="position">弹出方向</param>
            <param name="expireTime">过期时间</param>
            <returns>弹出的元素</returns>
        </member>
        <member name="M:TCBase.Cache.CacheClient.GetListLength(System.String)">
            <summary>
            列表类型，获取类表中元素个数
            http://redisdoc.com/hash/llen.html
            </summary>
            <param name="key">键</param>
            <returns>元素个数</returns>
        </member>
        <member name="M:TCBase.Cache.CacheClient.GetRangeFromList``1(System.String,System.Int32,System.Int32)">
            <summary>
            列表类型，获取列表的指定的对象
            索引是从零开始，0是列表的第一个元素（列表的头），1为下一个元素。
            索引也可以由负数表示，例如，-1是列表的最后一个元素，-2倒数第二。
            http://redisdoc.com/hash/lrange.html
            </summary>
            <typeparam name="T">对象类型</typeparam>
            <param name="key">键</param>
            <param name="start">起始索引</param>
            <param name="end">结束索引</param>
            <returns>检索到的所有对象</returns>
        </member>
        <member name="M:TCBase.Cache.CacheClient.GetRangeFromListByByte(System.String,System.Int32,System.Int32)">
            <summary>
            列表类型，获取列表的指定的对象
            索引是从零开始，0是列表的第一个元素（列表的头），1为下一个元素。
            索引也可以由负数表示，例如，-1是列表的最后一个元素，-2倒数第二。
            http://redisdoc.com/hash/lrange.html
            </summary>
            <param name="key">键</param>
            <param name="start">起始索引</param>
            <param name="end">结束索引</param>
            <returns>检索到的所有对象</returns>
        </member>
        <member name="M:TCBase.Cache.CacheClient.GetRangeFromList(System.String,System.Int32,System.Int32)">
            <summary>
            列表类型，获取列表的指定的元素
            索引是从零开始，0是列表的第一个元素（列表的头），1为下一个元素。
            索引也可以由负数表示，例如，-1是列表的最后一个元素，-2倒数第二。
            http://redisdoc.com/hash/lrange.html
            </summary>
            <param name="key">键</param>
            <param name="start">起始索引</param>
            <param name="end">结束索引</param>
            <returns>检索到的所有元素</returns>
        </member>
        <member name="M:TCBase.Cache.CacheClient.RemoveItemFromList``1(System.String,``0,System.Int32,System.Int32)">
            <summary>
            列表类型，移除列表中的某个对象
            http://redisdoc.com/hash/lrem.html
            </summary>
            <typeparam name="T">对象类型</typeparam>
            <param name="key">键</param>
            <param name="value">对象</param>
            <param name="expireTime">过期时间</param>
            <param name="count">移除的个数，
            count大于0：从头到尾顺序中移除count个值是value的对象
            count小于0：从尾到头顺序中移除count个值是value的对象
            count等于0：移除列表中所有值是value的对象</param>
            <returns>移除对象的个数</returns>
        </member>
        <member name="M:TCBase.Cache.CacheClient.RemoveItemFromList(System.String,System.String,System.Int32,System.Int32)">
            <summary>
            列表类型，移除列表中的某个对象
            http://redisdoc.com/hash/lrem.html
            </summary>
            <param name="key">键</param>
            <param name="value">对象</param>
            <param name="expireTime">过期时间</param>
            <param name="count">移除的个数，
            count大于0：从头到尾顺序中移除count个值是value的对象
            count小于0：从尾到头顺序中移除count个值是value的对象
            count等于0：移除列表中所有值是value的对象</param>
            <returns>移除对象的个数</returns>
        </member>
        <member name="M:TCBase.Cache.CacheClient.RemoveItemFromList(System.String,System.Byte[],System.Int32,System.Int32)">
            <summary>
            列表类型，移除列表中的某个对象
            http://redisdoc.com/hash/lrem.html
            </summary>
            <param name="key">键</param>
            <param name="value">对象</param>
            <param name="expireTime">过期时间</param>
            <param name="count">移除的个数，
            count大于0：从头到尾顺序中移除count个值是value的对象
            count小于0：从尾到头顺序中移除count个值是value的对象
            count等于0：移除列表中所有值是value的对象</param>
            <returns>移除对象的个数</returns>
        </member>
        <member name="M:TCBase.Cache.CacheClient.GetItemFromList``1(System.String,System.Int32)">
            <summary>
            列表类型，获取指定索引的对象
            http://redisdoc.com/hash/lindex.html
            </summary>
            <typeparam name="T">对象类型</typeparam>
            <param name="key">键</param>
            <param name="index">索引</param>
            <returns>检索到的对象</returns>
        </member>
        <member name="M:TCBase.Cache.CacheClient.GetItemFromListByByte(System.String,System.Int32)">
            <summary>
            列表类型，获取指定索引的对象
            http://redisdoc.com/hash/lindex.html
            </summary>
            <param name="key">键</param>
            <param name="index">索引</param>
            <returns>检索到的对象</returns>
        </member>
        <member name="M:TCBase.Cache.CacheClient.GetItemFromList(System.String,System.Int32)">
            <summary>
            列表类型，获取指定索引的元素
            http://redisdoc.com/hash/lindex.html
            </summary>
            <param name="key">键</param>
            <param name="index">索引</param>
            <returns>元素</returns>
        </member>
        <member name="M:TCBase.Cache.CacheClient.SetItemToList``1(System.String,System.Int32,``0,System.Int32)">
            <summary>
            列表类型，设置指定索引的对象值
            http://redisdoc.com/hash/lset.html
            </summary>
            <typeparam name="T">对象类型</typeparam>
            <param name="key">键</param>
            <param name="index">索引</param>
            <param name="value">对象</param>
            <param name="expireTime">过期时间</param>
        </member>
        <member name="M:TCBase.Cache.CacheClient.SetItemToList(System.String,System.Int32,System.String,System.Int32)">
            <summary>
            列表类型，设置指定索引的对象值
            http://redisdoc.com/hash/lset.html
            </summary>
            <param name="key">键</param>
            <param name="index">索引</param>
            <param name="value">对象</param>
            <param name="expireTime">过期时间</param>
        </member>
        <member name="M:TCBase.Cache.CacheClient.SetItemToList(System.String,System.Int32,System.Byte[],System.Int32)">
            <summary>
            列表类型，设置指定索引的对象值
            http://redisdoc.com/hash/lset.html
            </summary>
            <param name="key">键</param>
            <param name="index">索引</param>
            <param name="value">对象</param>
            <param name="expireTime">过期时间</param>
        </member>
        <member name="M:TCBase.Cache.CacheClient.AddItemToSet``1(System.String,``0,System.Int32)">
            <summary>
            添加一个元素到set 中
            </summary>
            <typeparam name="T"></typeparam>
            <param name="key"></param>
            <param name="value"></param>
            <param name="expireTime">超时时间</param>
            <returns>是否添加成功</returns>
        </member>
        <member name="M:TCBase.Cache.CacheClient.AddItemToSet(System.String,System.String,System.Int32)">
            <summary>
            添加一个元素到set 中
            </summary>
            <param name="key"></param>
            <param name="value"></param>
            <param name="expireTime">超时时间</param>
            <returns>是否添加成功</returns>
        </member>
        <member name="M:TCBase.Cache.CacheClient.AddItemToSet(System.String,System.Byte[],System.Int32)">
            <summary>
            添加一个元素到set 中
            </summary>
            <param name="key"></param>
            <param name="value"></param>
            <param name="expireTime">超时时间</param>
            <returns>是否添加成功</returns>
        </member>
        <member name="M:TCBase.Cache.CacheClient.RemoveItemFromSet``1(System.String,``0,System.Int32)">
            <summary>
            从set中移除一个元素
            </summary>
            <typeparam name="T"></typeparam>
            <param name="key"></param>
            <param name="value"></param>
            <param name="expireTime">超时时间</param>
            <returns></returns>
        </member>
        <member name="M:TCBase.Cache.CacheClient.RemoveItemFromSet(System.String,System.String,System.Int32)">
            <summary>
            从set中移除一个元素
            </summary>
            <param name="key"></param>
            <param name="value"></param>
            <param name="expireTime">超时时间</param>
            <returns></returns>
        </member>
        <member name="M:TCBase.Cache.CacheClient.RemoveItemFromSet(System.String,System.Byte[],System.Int32)">
            <summary>
            从set中移除一个元素
            </summary>
            <param name="key"></param>
            <param name="value"></param>
            <param name="expireTime">超时时间</param>
            <returns>是否移除成功</returns>
        </member>
        <member name="M:TCBase.Cache.CacheClient.GetItemFromSet(System.String)">
            <summary>
            从set中获取一个元素
            </summary>
            <param name="key">具体的key</param>
            <returns>具体的返回值</returns>
        </member>
        <member name="M:TCBase.Cache.CacheClient.GetItemFromSet``1(System.String)">
            <summary>
            从set中获取一个元素
            </summary>
            <typeparam name="T">获取的类型名称</typeparam>
            <param name="key">具体的key</param>
            <returns>具体的返回值</returns>
        </member>
        <member name="M:TCBase.Cache.CacheClient.GetRandomItemFromSet(System.String)">
            <summary>
            从set中获取一个元素
            </summary>
            <param name="key"></param>
            <returns></returns>
        </member>
        <member name="M:TCBase.Cache.CacheClient.GetAllFromSet``1(System.String)">
            <summary>
            从Set中获取所有的值
            </summary>
            <typeparam name="T">序列化的对象</typeparam>
            <param name="key">键值</param>
            <returns>反序列化的对象</returns>
        </member>
        <member name="M:TCBase.Cache.CacheClient.GetAllFromSet(System.String)">
            <summary>
            从Set中获取所有的值
            </summary>
            <param name="key">键值</param>
            <returns>set中的内容</returns>
        </member>
        <member name="M:TCBase.Cache.CacheClient.GetAllItemFromSet(System.String)">
            <summary>
            从set中获取所有元素
            </summary>
            <param name="key"></param>
            <returns></returns>
        </member>
        <member name="M:TCBase.Cache.CacheClient.SetExists``1(System.String,``0)">
            <summary>
            判断对象是否是在set中
            </summary>
            <typeparam name="T"></typeparam>
            <param name="key">键值</param>
            <param name="value">要判断的值</param>
            <returns>是否设置成功</returns>
        </member>
        <member name="M:TCBase.Cache.CacheClient.SetExists(System.String,System.String)">
            <summary>
            判断对象是否在set中
            </summary>
            <param name="key">键值</param>
            <param name="value">要判断的值</param>
            <returns>是否设置成功</returns>
        </member>
        <member name="M:TCBase.Cache.CacheClient.SetExists(System.String,System.Byte[])">
            <summary>
            判断对象是否在set中
            </summary>
            <param name="key">键值</param>
            <param name="value">要判断的值</param>
            <returns>是否设置成功</returns>
        </member>
        <member name="M:TCBase.Cache.CacheClient.GetSetLength(System.String)">
            <summary>
            获取Set的长度
            </summary>
            <param name="key">键值</param>
            <returns>长度</returns>
        </member>
        <member name="M:TCBase.Cache.CacheClient.Set``1(System.String,``0,System.Int32)">
            <summary>
            字符串类型，设置对象类型值
            如果记录已经存在，用obj替换原有对象
            如果不存在，添加新记录
            http://redisdoc.com/string/setex.html
            </summary>
            <typeparam name="T">要存储的对象类型</typeparam>
            <param name="key">键</param>
            <param name="value">要设置的对象</param>
            <param name="expireTime">过期时间</param>
            <returns>设置是否成功</returns>
        </member>
        <member name="M:TCBase.Cache.CacheClient.Set(System.String,System.Byte[],System.Int32)">
            <summary>
            字符串类型，设置对象类型值
            如果记录已经存在，用obj替换原有对象
            如果不存在，添加新记录
            http://redisdoc.com/string/setex.html
            </summary>
            <param name="key">键</param>
            <param name="value">要设置的对象</param>
            <param name="expireTime">过期时间</param>
            <returns>设置是否成功</returns>
        </member>
        <member name="M:TCBase.Cache.CacheClient.Set(System.String,System.String,System.Int32)">
            <summary>
            字符串类型，设置键值
            如果key已经存在，替换原有值，否则添加一条新记录
            http://redisdoc.com/string/setex.html
            </summary>
            <param name="key">键</param>
            <param name="value">值</param>
            <param name="expireTime">过期时间</param>
            <returns>设置是否成功</returns>
        </member>
        <member name="M:TCBase.Cache.CacheClient.SetIfNotExist(System.String,System.String,System.Int32)">
            <summary>
            字符串类型,设置键值,当键不存在时,设置键值,当键已经存在时,则什么也不做
            http://redisdoc.com/string/setex.html
            </summary>
            <param name="key">键</param>
            <param name="value">值</param>
            <param name="expireTime">过期时间</param>
            <returns>设置是否成功</returns>
        </member>
        <member name="M:TCBase.Cache.CacheClient.SetIfNotExist(System.String,System.Byte[],System.Int32)">
            <summary>
            设置键值,当键不存在时,设置键值,当键已经存在时,则什么也不做
            http://redisdoc.com/string/setex.html
            </summary>
            <param name="key">键</param>
            <param name="value">值</param>
            <param name="expireTime">过期时间</param>
            <returns>设置是否成功</returns>
        </member>
        <member name="M:TCBase.Cache.CacheClient.SetIfNotExist``1(System.String,``0,System.Int32)">
            <summary>
            字符串类型,设置键值,当键不存在时,设置键值,当键已经存在时,则什么也不做
            http://redisdoc.com/string/setnx.html
            </summary>
            <typeparam name="T">值的类型</typeparam>
            <param name="key">键</param>
            <param name="value">值</param>
            <param name="expireTime">过期时间</param>
            <returns>设置是否成功</returns>
        </member>
        <member name="M:TCBase.Cache.CacheClient.Get``1(System.String)">
            <summary>
            根据键获取对象
            http://redisdoc.com/string/get.html
            </summary>
            <typeparam name="T">值</typeparam>
            <param name="key">键</param>
            <returns>获取的对象</returns>
        </member>
        <member name="M:TCBase.Cache.CacheClient.GetByByte(System.String)">
            <summary>
            根据键获取对象
            http://redisdoc.com/string/get.html
            </summary>
            <param name="key">键</param>
            <returns>获取的对象</returns>
        </member>
        <member name="M:TCBase.Cache.CacheClient.Get(System.String)">
            <summary>
            字符串类型，根据键获取值
            </summary>
            <param name="key">键</param>
            <returns>获取的值</returns>
        </member>
        <member name="T:TCBase.Cache.ListPosition">
            <summary>
            list的弹出或插入的方向
            </summary>
        </member>
        <member name="F:TCBase.Cache.ListPosition.Begin">
            <summary>
            列表的开头
            </summary>
        </member>
        <member name="F:TCBase.Cache.ListPosition.End">
            <summary>
            列表的末尾
            </summary>
        </member>
        <member name="T:TCBase.Cache.InsertPosition">
            <summary>
            插入的位置
            </summary>
        </member>
        <member name="F:TCBase.Cache.InsertPosition.Before">
            <summary>
            在对象之前插入
            </summary>
        </member>
        <member name="F:TCBase.Cache.InsertPosition.After">
            <summary>
            在对象之后插入
            </summary>
        </member>
        <member name="F:TCBase.Cache.Client.TCRedisClient.ConnectionState.New">
            <summary>
            A connection that has not yet been innitialized
            </summary>
        </member>
        <member name="F:TCBase.Cache.Client.TCRedisClient.ConnectionState.Open">
            <summary>
            An open connection
            </summary>
        </member>
        <member name="F:TCBase.Cache.Client.TCRedisClient.ConnectionState.Closed">
            <summary>
            A connection that is now closed and cannot be used
            </summary>
        </member>
    </members>
</doc>
